Country,Year,Maize and products,Vegetables,Meat,Eggs
Afghanistan,2014,22.0,33.0,71.0,7.0
Afghanistan,2015,13.0,26.0,65.0,7.0
Afghanistan,2016,15.0,43.0,61.0,7.0
Afghanistan,2017,11.0,34.0,56.0,7.0
Afghanistan,2018,15.0,22.0,55.0,6.0
Albania,2014,16.0,161.0,221.0,52.0
Albania,2015,19.0,167.0,229.0,56.0
Albania,2016,18.0,180.0,238.0,57.0
Albania,2017,21.0,189.0,235.0,55.0
Albania,2018,17.0,184.0,215.0,57.0
Algeria,2014,131.0,127.0,99.0,27.0
Algeria,2015,132.0,132.0,98.0,30.0
Algeria,2016,131.0,137.0,98.0,29.0
Algeria,2017,125.0,131.0,94.0,29.0
Algeria,2018,120.0,141.0,93.0,23.0
Angola,2014,351.0,20.0,177.0,3.0
Angola,2015,358.0,18.0,135.0,1.0
Angola,2016,349.0,17.0,126.0,0.0
Angola,2017,358.0,17.0,135.0,0.0
Angola,2018,415.0,16.0,128.0,0.0
Antigua and Barbuda,2014,10.0,53.0,354.0,11.0
Antigua and Barbuda,2015,11.0,54.0,345.0,14.0
Antigua and Barbuda,2016,16.0,47.0,335.0,10.0
Antigua and Barbuda,2017,14.0,58.0,353.0,10.0
Antigua and Barbuda,2018,13.0,59.0,348.0,11.0
Argentina,2014,95.0,55.0,584.0,43.0
Argentina,2015,91.0,56.0,620.0,54.0
Argentina,2016,90.0,56.0,608.0,56.0
Argentina,2017,91.0,58.0,629.0,57.0
Argentina,2018,90.0,55.0,658.0,58.0
Armenia,2014,0.0,222.0,244.0,45.0
Armenia,2015,0.0,225.0,239.0,45.0
Armenia,2016,0.0,203.0,215.0,43.0
Armenia,2017,0.0,185.0,231.0,43.0
Armenia,2018,1.0,131.0,235.0,44.0
Australia,2014,42.0,72.0,481.0,31.0
Australia,2015,43.0,75.0,501.0,30.0
Australia,2016,41.0,76.0,509.0,30.0
Australia,2017,42.0,75.0,471.0,31.0
Australia,2018,43.0,73.0,469.0,32.0
Austria,2014,80.0,83.0,351.0,52.0
Austria,2015,80.0,71.0,380.0,52.0
Austria,2016,79.0,76.0,366.0,54.0
Austria,2017,80.0,76.0,363.0,57.0
Austria,2018,81.0,70.0,369.0,61.0
Azerbaijan,2014,94.0,88.0,176.0,31.0
Azerbaijan,2015,96.0,93.0,181.0,31.0
Azerbaijan,2016,88.0,91.0,178.0,30.0
Azerbaijan,2017,93.0,93.0,181.0,33.0
Azerbaijan,2018,80.0,100.0,184.0,31.0
Bahamas,2014,92.0,65.0,538.0,16.0
Bahamas,2015,88.0,66.0,537.0,14.0
Bahamas,2016,89.0,69.0,462.0,25.0
Bahamas,2017,73.0,68.0,464.0,25.0
Bahamas,2018,83.0,67.0,459.0,24.0
Bangladesh,2014,6.0,28.0,19.0,10.0
Bangladesh,2015,6.0,31.0,20.0,11.0
Bangladesh,2016,6.0,31.0,19.0,12.0
Bangladesh,2017,7.0,32.0,19.0,15.0
Bangladesh,2018,7.0,33.0,19.0,15.0
Barbados,2014,98.0,61.0,305.0,26.0
Barbados,2015,92.0,56.0,333.0,29.0
Barbados,2016,99.0,55.0,318.0,38.0
Barbados,2017,85.0,61.0,321.0,33.0
Barbados,2018,93.0,60.0,333.0,31.0
Belarus,2014,4.0,112.0,373.0,51.0
Belarus,2015,4.0,101.0,363.0,52.0
Belarus,2016,4.0,113.0,379.0,50.0
Belarus,2017,5.0,122.0,384.0,50.0
Belarus,2018,5.0,101.0,395.0,53.0
Belgium,2014,10.0,112.0,221.0,32.0
Belgium,2015,8.0,107.0,206.0,33.0
Belgium,2016,6.0,115.0,257.0,29.0
Belgium,2017,9.0,113.0,204.0,35.0
Belgium,2018,8.0,112.0,207.0,28.0
Belize,2014,267.0,29.0,221.0,15.0
Belize,2015,265.0,29.0,214.0,17.0
Belize,2016,256.0,35.0,214.0,22.0
Belize,2017,260.0,37.0,213.0,16.0
Belize,2018,234.0,40.0,258.0,17.0
Benin,2014,320.0,42.0,82.0,3.0
Benin,2015,311.0,43.0,82.0,3.0
Benin,2016,305.0,43.0,68.0,3.0
Benin,2017,286.0,38.0,57.0,3.0
Benin,2018,278.0,33.0,55.0,3.0
Bolivia (Plurinational State of),2014,254.0,30.0,312.0,19.0
Bolivia (Plurinational State of),2015,261.0,32.0,373.0,22.0
Bolivia (Plurinational State of),2016,277.0,32.0,361.0,23.0
Bolivia (Plurinational State of),2017,261.0,32.0,375.0,28.0
Bolivia (Plurinational State of),2018,267.0,31.0,367.0,26.0
Bosnia and Herzegovina,2014,637.0,137.0,188.0,18.0
Bosnia and Herzegovina,2015,621.0,147.0,224.0,20.0
Bosnia and Herzegovina,2016,603.0,163.0,221.0,22.0
Bosnia and Herzegovina,2017,615.0,155.0,222.0,21.0
Bosnia and Herzegovina,2018,609.0,159.0,231.0,21.0
Botswana,2014,362.0,30.0,93.0,6.0
Botswana,2015,373.0,36.0,93.0,5.0
Botswana,2016,381.0,33.0,88.0,5.0
Botswana,2017,393.0,33.0,87.0,4.0
Botswana,2018,391.0,30.0,89.0,5.0
Brazil,2014,243.0,37.0,442.0,36.0
Brazil,2015,240.0,36.0,453.0,35.0
Brazil,2016,236.0,37.0,450.0,35.0
Brazil,2017,246.0,36.0,466.0,38.0
Brazil,2018,244.0,36.0,468.0,39.0
Bulgaria,2014,277.0,38.0,238.0,30.0
Bulgaria,2015,199.0,42.0,235.0,32.0
Bulgaria,2016,309.0,53.0,239.0,32.0
Bulgaria,2017,276.0,50.0,239.0,33.0
Bulgaria,2018,222.0,53.0,255.0,32.0
Burkina Faso,2014,619.0,12.0,76.0,7.0
Burkina Faso,2015,639.0,12.0,69.0,7.0
Burkina Faso,2016,622.0,12.0,69.0,7.0
Burkina Faso,2017,673.0,11.0,67.0,6.0
Burkina Faso,2018,629.0,12.0,69.0,8.0
Cabo Verde,2014,354.0,70.0,166.0,15.0
Cabo Verde,2015,352.0,64.0,164.0,17.0
Cabo Verde,2016,377.0,64.0,163.0,19.0
Cabo Verde,2017,365.0,56.0,171.0,19.0
Cabo Verde,2018,380.0,59.0,173.0,15.0
Cambodia,2014,112.0,23.0,103.0,5.0
Cambodia,2015,111.0,23.0,95.0,5.0
Cambodia,2016,109.0,23.0,94.0,5.0
Cambodia,2017,109.0,23.0,90.0,5.0
Cambodia,2018,109.0,23.0,87.0,5.0
Cameroon,2014,345.0,70.0,64.0,1.0
Cameroon,2015,363.0,70.0,62.0,1.0
Cameroon,2016,374.0,73.0,61.0,1.0
Cameroon,2017,378.0,70.0,55.0,1.0
Cameroon,2018,381.0,68.0,54.0,2.0
Canada,2014,115.0,80.0,355.0,50.0
Canada,2015,135.0,78.0,363.0,52.0
Canada,2016,130.0,78.0,354.0,54.0
Canada,2017,134.0,76.0,359.0,55.0
Canada,2018,138.0,76.0,366.0,57.0
Central African Republic,2014,139.0,11.0,152.0,2.0
Central African Republic,2015,134.0,11.0,155.0,2.0
Central African Republic,2016,153.0,11.0,157.0,2.0
Central African Republic,2017,156.0,11.0,159.0,2.0
Central African Republic,2018,142.0,11.0,171.0,2.0
Chad,2014,189.0,5.0,53.0,1.0
Chad,2015,187.0,6.0,52.0,1.0
Chad,2016,190.0,5.0,51.0,1.0
Chad,2017,185.0,5.0,51.0,1.0
Chad,2018,190.0,5.0,50.0,1.0
Chile,2014,202.0,63.0,438.0,35.0
Chile,2015,203.0,59.0,447.0,36.0
Chile,2016,201.0,64.0,466.0,36.0
Chile,2017,202.0,66.0,456.0,36.0
Chile,2018,201.0,68.0,488.0,38.0
China,2014,57.0,227.0,466.0,75.0
China,2015,57.0,239.0,473.0,78.0
China,2016,57.0,242.0,478.0,81.0
China,2017,57.0,244.0,482.0,79.0
China,2018,57.0,248.0,487.0,80.0
"China, Hong Kong SAR",2014,30.0,112.0,697.0,80.0
"China, Hong Kong SAR",2015,29.0,114.0,696.0,80.0
"China, Hong Kong SAR",2016,30.0,106.0,709.0,86.0
"China, Hong Kong SAR",2017,29.0,116.0,746.0,88.0
"China, Hong Kong SAR",2018,33.0,121.0,710.0,92.0
"China, Macao SAR",2014,5.0,72.0,634.0,78.0
"China, Macao SAR",2015,6.0,73.0,621.0,77.0
"China, Macao SAR",2016,4.0,74.0,612.0,80.0
"China, Macao SAR",2017,3.0,92.0,627.0,83.0
"China, Macao SAR",2018,3.0,96.0,618.0,91.0
"China, mainland",2014,57.0,230.0,466.0,76.0
"China, mainland",2015,57.0,242.0,472.0,79.0
"China, mainland",2016,57.0,245.0,477.0,81.0
"China, mainland",2017,57.0,247.0,482.0,80.0
"China, mainland",2018,57.0,251.0,486.0,80.0
"China, Taiwan Province of",2014,64.0,109.0,418.0,51.0
"China, Taiwan Province of",2015,65.0,104.0,430.0,51.0
"China, Taiwan Province of",2016,70.0,108.0,423.0,54.0
"China, Taiwan Province of",2017,67.0,111.0,424.0,55.0
"China, Taiwan Province of",2018,65.0,110.0,438.0,54.0
Colombia,2014,264.0,33.0,249.0,40.0
Colombia,2015,268.0,32.0,257.0,42.0
Colombia,2016,265.0,38.0,259.0,44.0
Colombia,2017,274.0,37.0,259.0,47.0
Colombia,2018,302.0,35.0,276.0,50.0
Congo,2014,40.0,37.0,109.0,2.0
Congo,2015,48.0,42.0,147.0,3.0
Congo,2016,39.0,42.0,140.0,2.0
Congo,2017,35.0,44.0,147.0,2.0
Congo,2018,40.0,41.0,137.0,1.0
Costa Rica,2014,117.0,45.0,159.0,37.0
Costa Rica,2015,115.0,51.0,163.0,37.0
Costa Rica,2016,125.0,46.0,168.0,40.0
Costa Rica,2017,134.0,53.0,174.0,40.0
Costa Rica,2018,138.0,57.0,180.0,40.0
C魌e d'Ivoire,2014,171.0,33.0,47.0,6.0
C魌e d'Ivoire,2015,253.0,33.0,44.0,7.0
C魌e d'Ivoire,2016,234.0,32.0,42.0,7.0
C魌e d'Ivoire,2017,223.0,32.0,40.0,7.0
C魌e d'Ivoire,2018,232.0,31.0,37.0,5.0
Croatia,2014,74.0,61.0,302.0,32.0
Croatia,2015,68.0,71.0,315.0,32.0
Croatia,2016,71.0,126.0,315.0,37.0
Croatia,2017,65.0,123.0,336.0,36.0
Croatia,2018,71.0,135.0,351.0,41.0
Cuba,2014,273.0,80.0,262.0,33.0
Cuba,2015,282.0,83.0,269.0,30.0
Cuba,2016,280.0,80.0,294.0,31.0
Cuba,2017,315.0,89.0,310.0,33.0
Cuba,2018,280.0,79.0,313.0,36.0
Cyprus,2014,111.0,76.0,325.0,34.0
Cyprus,2015,111.0,75.0,317.0,30.0
Cyprus,2016,108.0,72.0,319.0,31.0
Cyprus,2017,109.0,69.0,329.0,31.0
Cyprus,2018,110.0,71.0,328.0,31.0
Czechia,2014,0.0,55.0,292.0,33.0
Czechia,2015,0.0,55.0,307.0,34.0
Czechia,2016,0.0,59.0,311.0,34.0
Czechia,2017,1.0,61.0,320.0,34.0
Czechia,2018,0.0,58.0,336.0,34.0
Democratic People's Republic of Korea,2014,345.0,84.0,83.0,18.0
Democratic People's Republic of Korea,2015,351.0,83.0,81.0,18.0
Democratic People's Republic of Korea,2016,351.0,80.0,81.0,18.0
Democratic People's Republic of Korea,2017,352.0,80.0,81.0,18.0
Democratic People's Republic of Korea,2018,356.0,79.0,80.0,18.0
Denmark,2014,26.0,75.0,303.0,66.0
Denmark,2015,23.0,72.0,307.0,66.0
Denmark,2016,25.0,77.0,373.0,66.0
Denmark,2017,23.0,79.0,375.0,65.0
Denmark,2018,42.0,81.0,388.0,66.0
Djibouti,2014,5.0,52.0,87.0,3.0
Djibouti,2015,12.0,54.0,89.0,6.0
Djibouti,2016,12.0,51.0,80.0,8.0
Djibouti,2017,7.0,52.0,82.0,7.0
Djibouti,2018,19.0,46.0,84.0,10.0
Dominica,2014,39.0,70.0,311.0,12.0
Dominica,2015,27.0,66.0,312.0,12.0
Dominica,2016,30.0,61.0,317.0,12.0
Dominica,2017,28.0,61.0,302.0,12.0
Dominica,2018,31.0,62.0,305.0,13.0
Dominican Republic,2014,47.0,30.0,197.0,32.0
Dominican Republic,2015,39.0,36.0,210.0,33.0
Dominican Republic,2016,44.0,37.0,216.0,32.0
Dominican Republic,2017,47.0,34.0,199.0,33.0
Dominican Republic,2018,45.0,38.0,213.0,38.0
Ecuador,2014,329.0,26.0,232.0,32.0
Ecuador,2015,336.0,23.0,219.0,37.0
Ecuador,2016,318.0,22.0,211.0,32.0
Ecuador,2017,320.0,22.0,207.0,26.0
Ecuador,2018,316.0,23.0,213.0,26.0
Egypt,2014,591.0,121.0,114.0,16.0
Egypt,2015,577.0,118.0,119.0,15.0
Egypt,2016,583.0,110.0,112.0,14.0
Egypt,2017,581.0,108.0,114.0,17.0
Egypt,2018,572.0,111.0,123.0,16.0
El Salvador,2014,686.0,48.0,123.0,35.0
El Salvador,2015,688.0,50.0,125.0,35.0
El Salvador,2016,691.0,53.0,129.0,35.0
El Salvador,2017,693.0,57.0,133.0,32.0
El Salvador,2018,700.0,55.0,139.0,32.0
Estonia,2014,71.0,76.0,263.0,46.0
Estonia,2015,47.0,88.0,288.0,46.0
Estonia,2016,53.0,78.0,300.0,49.0
Estonia,2017,62.0,80.0,281.0,47.0
Estonia,2018,85.0,83.0,312.0,48.0
Eswatini,2014,620.0,22.0,135.0,5.0
Eswatini,2015,651.0,20.0,123.0,7.0
Eswatini,2016,688.0,21.0,122.0,6.0
Eswatini,2017,678.0,20.0,125.0,6.0
Eswatini,2018,678.0,23.0,127.0,6.0
Ethiopia,2014,416.0,11.0,44.0,1.0
Ethiopia,2015,414.0,12.0,41.0,2.0
Ethiopia,2016,432.0,13.0,38.0,2.0
Ethiopia,2017,449.0,11.0,38.0,2.0
Ethiopia,2018,437.0,12.0,38.0,2.0
Fiji,2014,3.0,48.0,193.0,21.0
Fiji,2015,5.0,45.0,204.0,18.0
Fiji,2016,5.0,45.0,192.0,13.0
Fiji,2017,5.0,50.0,199.0,22.0
Fiji,2018,5.0,52.0,194.0,25.0
France,2014,92.0,71.0,435.0,49.0
France,2015,130.0,68.0,434.0,50.0
France,2016,136.0,72.0,432.0,43.0
France,2017,119.0,74.0,420.0,47.0
France,2018,103.0,73.0,427.0,45.0
French Polynesia,2014,0.0,47.0,463.0,38.0
French Polynesia,2015,0.0,47.0,458.0,36.0
French Polynesia,2016,22.0,46.0,457.0,31.0
French Polynesia,2017,0.0,55.0,430.0,31.0
French Polynesia,2018,8.0,46.0,436.0,32.0
Gabon,2014,121.0,30.0,244.0,3.0
Gabon,2015,116.0,30.0,254.0,3.0
Gabon,2016,120.0,29.0,236.0,3.0
Gabon,2017,114.0,29.0,228.0,3.0
Gabon,2018,114.0,30.0,220.0,3.0
Gambia,2014,124.0,13.0,32.0,3.0
Gambia,2015,141.0,16.0,32.0,2.0
Gambia,2016,151.0,16.0,35.0,2.0
Gambia,2017,151.0,16.0,32.0,5.0
Gambia,2018,148.0,18.0,35.0,3.0
Georgia,2014,230.0,40.0,138.0,29.0
Georgia,2015,200.0,39.0,138.0,30.0
Georgia,2016,236.0,35.0,132.0,30.0
Georgia,2017,236.0,33.0,137.0,31.0
Georgia,2018,210.0,36.0,145.0,33.0
Germany,2014,90.0,72.0,348.0,48.0
Germany,2015,85.0,72.0,358.0,49.0
Germany,2016,73.0,75.0,334.0,51.0
Germany,2017,77.0,77.0,329.0,50.0
Germany,2018,79.0,72.0,321.0,52.0
Ghana,2014,204.0,28.0,44.0,4.0
Ghana,2015,196.0,28.0,43.0,4.0
Ghana,2016,199.0,27.0,40.0,4.0
Ghana,2017,198.0,26.0,45.0,4.0
Ghana,2018,194.0,25.0,47.0,3.0
Greece,2014,12.0,100.0,288.0,42.0
Greece,2015,12.0,104.0,260.0,40.0
Greece,2016,11.0,104.0,261.0,34.0
Greece,2017,13.0,100.0,262.0,36.0
Greece,2018,12.0,101.0,277.0,37.0
Grenada,2014,33.0,27.0,269.0,35.0
Grenada,2015,33.0,32.0,282.0,34.0
Grenada,2016,30.0,226.0,269.0,35.0
Grenada,2017,28.0,153.0,268.0,34.0
Grenada,2018,26.0,208.0,267.0,35.0
Guatemala,2014,844.0,35.0,124.0,54.0
Guatemala,2015,805.0,37.0,133.0,55.0
Guatemala,2016,846.0,37.0,136.0,55.0
Guatemala,2017,849.0,37.0,130.0,54.0
Guatemala,2018,852.0,35.0,127.0,54.0
Guinea,2014,93.0,94.0,51.0,6.0
Guinea,2015,97.0,95.0,52.0,6.0
Guinea,2016,98.0,92.0,54.0,7.0
Guinea,2017,102.0,91.0,56.0,6.0
Guinea,2018,99.0,90.0,58.0,6.0
Guinea-Bissau,2014,31.0,13.0,115.0,5.0
Guinea-Bissau,2015,30.0,14.0,116.0,6.0
Guinea-Bissau,2016,30.0,14.0,114.0,6.0
Guinea-Bissau,2017,29.0,14.0,107.0,6.0
Guinea-Bissau,2018,29.0,14.0,105.0,5.0
Guyana,2014,64.0,115.0,211.0,5.0
Guyana,2015,19.0,175.0,212.0,5.0
Guyana,2016,19.0,166.0,211.0,5.0
Guyana,2017,19.0,187.0,213.0,5.0
Guyana,2018,19.0,209.0,214.0,5.0
Haiti,2014,217.0,17.0,88.0,2.0
Haiti,2015,217.0,16.0,88.0,2.0
Haiti,2016,217.0,15.0,91.0,2.0
Haiti,2017,217.0,16.0,90.0,2.0
Haiti,2018,215.0,18.0,90.0,2.0
Honduras,2014,735.0,19.0,134.0,17.0
Honduras,2015,746.0,19.0,146.0,16.0
Honduras,2016,745.0,19.0,151.0,16.0
Honduras,2017,748.0,21.0,149.0,15.0
Honduras,2018,738.0,23.0,158.0,15.0
Hungary,2014,0.0,71.0,340.0,49.0
Hungary,2015,0.0,72.0,366.0,52.0
Hungary,2016,0.0,74.0,380.0,53.0
Hungary,2017,0.0,73.0,389.0,54.0
Hungary,2018,0.0,73.0,409.0,53.0
India,2014,53.0,61.0,16.0,10.0
India,2015,54.0,59.0,16.0,11.0
India,2016,61.0,60.0,16.0,11.0
India,2017,67.0,62.0,16.0,12.0
India,2018,63.0,62.0,16.0,12.0
Indonesia,2014,157.0,39.0,59.0,19.0
Indonesia,2015,170.0,38.0,55.0,22.0
Indonesia,2016,187.0,39.0,56.0,23.0
Indonesia,2017,181.0,41.0,56.0,23.0
Indonesia,2018,184.0,42.0,55.0,25.0
Iran (Islamic Republic of),2014,27.0,114.0,145.0,30.0
Iran (Islamic Republic of),2015,22.0,122.0,148.0,28.0
Iran (Islamic Republic of),2016,25.0,106.0,151.0,28.0
Iran (Islamic Republic of),2017,32.0,112.0,156.0,23.0
Iran (Islamic Republic of),2018,35.0,129.0,154.0,26.0
Iraq,2014,2.0,74.0,54.0,46.0
Iraq,2015,1.0,44.0,71.0,33.0
Iraq,2016,3.0,59.0,65.0,36.0
Iraq,2017,5.0,54.0,84.0,43.0
Iraq,2018,8.0,62.0,63.0,41.0
Ireland,2014,88.0,85.0,374.0,37.0
Ireland,2015,89.0,87.0,391.0,36.0
Ireland,2016,91.0,90.0,390.0,36.0
Ireland,2017,89.0,84.0,378.0,38.0
Ireland,2018,87.0,80.0,396.0,33.0
Israel,2014,108.0,130.0,405.0,43.0
Israel,2015,116.0,120.0,397.0,45.0
Israel,2016,82.0,114.0,410.0,45.0
Israel,2017,96.0,103.0,407.0,45.0
Israel,2018,93.0,108.0,405.0,53.0
Italy,2014,30.0,84.0,342.0,46.0
Italy,2015,30.0,87.0,328.0,44.0
Italy,2016,30.0,87.0,324.0,45.0
Italy,2017,30.0,84.0,337.0,45.0
Italy,2018,34.0,82.0,356.0,45.0
Jamaica,2014,66.0,57.0,218.0,7.0
Jamaica,2015,42.0,55.0,221.0,7.0
Jamaica,2016,71.0,62.0,217.0,5.0
Jamaica,2017,91.0,57.0,214.0,9.0
Jamaica,2018,89.0,64.0,220.0,10.0
Japan,2014,83.0,71.0,187.0,75.0
Japan,2015,78.0,71.0,184.0,75.0
Japan,2016,84.0,69.0,188.0,77.0
Japan,2017,80.0,71.0,197.0,78.0
Japan,2018,81.0,70.0,200.0,79.0
Jordan,2014,19.0,60.0,158.0,15.0
Jordan,2015,15.0,66.0,158.0,14.0
Jordan,2016,15.0,83.0,155.0,13.0
Jordan,2017,16.0,64.0,147.0,11.0
Jordan,2018,13.0,69.0,144.0,15.0
Kazakhstan,2014,8.0,125.0,322.0,32.0
Kazakhstan,2015,8.0,123.0,319.0,33.0
Kazakhstan,2016,8.0,119.0,315.0,33.0
Kazakhstan,2017,8.0,120.0,324.0,33.0
Kazakhstan,2018,9.0,123.0,329.0,31.0
Kenya,2014,668.0,29.0,77.0,4.0
Kenya,2015,733.0,31.0,76.0,5.0
Kenya,2016,688.0,29.0,77.0,5.0
Kenya,2017,654.0,32.0,77.0,4.0
Kenya,2018,656.0,33.0,79.0,1.0
Kiribati,2014,0.0,34.0,152.0,6.0
Kiribati,2015,0.0,34.0,150.0,6.0
Kiribati,2016,0.0,33.0,167.0,6.0
Kiribati,2017,1.0,34.0,167.0,8.0
Kiribati,2018,0.0,29.0,166.0,10.0
Kuwait,2014,48.0,128.0,302.0,57.0
Kuwait,2015,45.0,118.0,306.0,53.0
Kuwait,2016,37.0,114.0,293.0,62.0
Kuwait,2017,44.0,120.0,288.0,69.0
Kuwait,2018,32.0,116.0,301.0,83.0
Kyrgyzstan,2014,201.0,109.0,192.0,17.0
Kyrgyzstan,2015,197.0,127.0,178.0,15.0
Kyrgyzstan,2016,210.0,137.0,183.0,14.0
Kyrgyzstan,2017,209.0,140.0,171.0,16.0
Kyrgyzstan,2018,209.0,141.0,171.0,16.0
Lao People's Democratic Republic,2014,142.0,142.0,161.0,8.0
Lao People's Democratic Republic,2015,142.0,155.0,161.0,7.0
Lao People's Democratic Republic,2016,142.0,152.0,166.0,8.0
Lao People's Democratic Republic,2017,142.0,127.0,164.0,7.0
Lao People's Democratic Republic,2018,142.0,130.0,162.0,7.0
Latvia,2014,3.0,90.0,270.0,50.0
Latvia,2015,3.0,89.0,286.0,49.0
Latvia,2016,3.0,94.0,296.0,43.0
Latvia,2017,4.0,86.0,310.0,45.0
Latvia,2018,6.0,84.0,323.0,49.0
Lesotho,2014,1115.0,16.0,142.0,3.0
Lesotho,2015,1183.0,15.0,158.0,3.0
Lesotho,2016,1028.0,17.0,151.0,3.0
Lesotho,2017,1276.0,17.0,136.0,3.0
Lesotho,2018,1161.0,18.0,152.0,2.0
Liberia,2014,1.0,22.0,88.0,7.0
Liberia,2015,2.0,22.0,90.0,7.0
Liberia,2016,2.0,22.0,89.0,7.0
Liberia,2017,2.0,23.0,89.0,7.0
Liberia,2018,2.0,23.0,100.0,6.0
Lithuania,2014,6.0,73.0,381.0,54.0
Lithuania,2015,4.0,59.0,389.0,50.0
Lithuania,2016,4.0,74.0,381.0,61.0
Lithuania,2017,5.0,69.0,394.0,57.0
Lithuania,2018,8.0,75.0,401.0,70.0
Luxembourg,2014,25.0,86.0,547.0,59.0
Luxembourg,2015,12.0,82.0,543.0,58.0
Luxembourg,2016,12.0,86.0,547.0,63.0
Luxembourg,2017,14.0,86.0,531.0,64.0
Luxembourg,2018,15.0,81.0,540.0,66.0
Madagascar,2014,125.0,11.0,76.0,2.0
Madagascar,2015,108.0,11.0,75.0,2.0
Madagascar,2016,101.0,11.0,76.0,2.0
Madagascar,2017,90.0,11.0,74.0,2.0
Madagascar,2018,66.0,11.0,74.0,2.0
Malawi,2014,1247.0,57.0,77.0,4.0
Malawi,2015,1161.0,55.0,77.0,3.0
Malawi,2016,1141.0,46.0,84.0,3.0
Malawi,2017,1129.0,51.0,79.0,3.0
Malawi,2018,1069.0,52.0,85.0,4.0
Malaysia,2014,100.0,57.0,270.0,71.0
Malaysia,2015,86.0,59.0,273.0,73.0
Malaysia,2016,83.0,61.0,245.0,76.0
Malaysia,2017,85.0,60.0,242.0,78.0
Malaysia,2018,110.0,60.0,244.0,72.0
Maldives,2014,6.0,64.0,80.0,50.0
Maldives,2015,6.0,61.0,88.0,47.0
Maldives,2016,6.0,76.0,83.0,53.0
Maldives,2017,6.0,69.0,84.0,47.0
Maldives,2018,8.0,67.0,90.0,55.0
Mali,2014,360.0,49.0,97.0,3.0
Mali,2015,360.0,66.0,96.0,3.0
Mali,2016,366.0,79.0,100.0,3.0
Mali,2017,368.0,64.0,101.0,2.0
Mali,2018,370.0,79.0,90.0,2.0
Malta,2014,33.0,142.0,374.0,46.0
Malta,2015,42.0,146.0,341.0,43.0
Malta,2016,42.0,143.0,340.0,42.0
Malta,2017,36.0,143.0,362.0,48.0
Malta,2018,38.0,141.0,345.0,47.0
Mauritania,2014,22.0,25.0,129.0,8.0
Mauritania,2015,30.0,28.0,129.0,9.0
Mauritania,2016,28.0,27.0,128.0,10.0
Mauritania,2017,28.0,29.0,126.0,9.0
Mauritania,2018,31.0,39.0,125.0,7.0
Mauritius,2014,24.0,53.0,208.0,20.0
Mauritius,2015,27.0,50.0,207.0,21.0
Mauritius,2016,19.0,54.0,205.0,21.0
Mauritius,2017,27.0,57.0,202.0,22.0
Mauritius,2018,28.0,53.0,215.0,22.0
Mexico,2014,1012.0,41.0,316.0,68.0
Mexico,2015,1005.0,43.0,326.0,69.0
Mexico,2016,1000.0,48.0,333.0,70.0
Mexico,2017,999.0,53.0,342.0,70.0
Mexico,2018,995.0,55.0,353.0,72.0
Mongolia,2014,0.0,44.0,475.0,12.0
Mongolia,2015,0.0,30.0,493.0,12.0
Mongolia,2016,0.0,39.0,489.0,15.0
Mongolia,2017,11.0,36.0,499.0,16.0
Mongolia,2018,0.0,44.0,488.0,20.0
Montenegro,2014,30.0,69.0,502.0,41.0
Montenegro,2015,27.0,81.0,501.0,45.0
Montenegro,2016,26.0,85.0,521.0,44.0
Montenegro,2017,27.0,84.0,512.0,45.0
Montenegro,2018,29.0,83.0,521.0,40.0
Morocco,2014,293.0,85.0,137.0,24.0
Morocco,2015,291.0,84.0,137.0,24.0
Morocco,2016,296.0,65.0,137.0,20.0
Morocco,2017,320.0,75.0,139.0,29.0
Morocco,2018,287.0,79.0,137.0,29.0
Mozambique,2014,396.0,16.0,67.0,7.0
Mozambique,2015,402.0,18.0,67.0,7.0
Mozambique,2016,383.0,19.0,67.0,6.0
Mozambique,2017,374.0,24.0,67.0,7.0
Mozambique,2018,321.0,18.0,67.0,6.0
Myanmar,2014,30.0,69.0,240.0,31.0
Myanmar,2015,32.0,70.0,244.0,34.0
Myanmar,2016,37.0,68.0,247.0,35.0
Myanmar,2017,37.0,66.0,251.0,36.0
Myanmar,2018,43.0,66.0,266.0,37.0
Namibia,2014,386.0,21.0,133.0,6.0
Namibia,2015,406.0,24.0,130.0,6.0
Namibia,2016,430.0,22.0,132.0,4.0
Namibia,2017,415.0,20.0,144.0,4.0
Namibia,2018,412.0,22.0,137.0,4.0
Nepal,2014,312.0,82.0,49.0,5.0
Nepal,2015,310.0,84.0,50.0,6.0
Nepal,2016,327.0,92.0,49.0,8.0
Nepal,2017,323.0,87.0,51.0,8.0
Nepal,2018,345.0,91.0,51.0,9.0
Netherlands,2014,19.0,73.0,348.0,73.0
Netherlands,2015,17.0,79.0,341.0,79.0
Netherlands,2016,16.0,82.0,342.0,86.0
Netherlands,2017,19.0,83.0,319.0,76.0
Netherlands,2018,21.0,77.0,351.0,68.0
New Caledonia,2014,6.0,64.0,387.0,34.0
New Caledonia,2015,6.0,62.0,369.0,34.0
New Caledonia,2016,8.0,51.0,386.0,36.0
New Caledonia,2017,8.0,50.0,381.0,35.0
New Caledonia,2018,5.0,53.0,373.0,35.0
New Zealand,2014,38.0,93.0,389.0,37.0
New Zealand,2015,40.0,93.0,376.0,38.0
New Zealand,2016,38.0,91.0,435.0,41.0
New Zealand,2017,39.0,85.0,367.0,41.0
New Zealand,2018,41.0,97.0,379.0,43.0
Nicaragua,2014,608.0,19.0,134.0,18.0
Nicaragua,2015,600.0,20.0,122.0,19.0
Nicaragua,2016,645.0,25.0,116.0,23.0
Nicaragua,2017,624.0,27.0,132.0,20.0
Nicaragua,2018,603.0,27.0,116.0,19.0
Niger,2014,42.0,91.0,47.0,1.0
Niger,2015,31.0,96.0,37.0,1.0
Niger,2016,22.0,99.0,36.0,1.0
Niger,2017,17.0,101.0,35.0,1.0
Niger,2018,24.0,103.0,34.0,1.0
Nigeria,2014,303.0,56.0,43.0,11.0
Nigeria,2015,310.0,56.0,38.0,11.0
Nigeria,2016,321.0,50.0,35.0,11.0
Nigeria,2017,310.0,51.0,34.0,11.0
Nigeria,2018,315.0,53.0,36.0,10.0
North Macedonia,2014,209.0,146.0,176.0,23.0
North Macedonia,2015,222.0,175.0,179.0,22.0
North Macedonia,2016,221.0,163.0,179.0,18.0
North Macedonia,2017,217.0,164.0,187.0,25.0
North Macedonia,2018,222.0,170.0,195.0,21.0
Norway,2014,0.0,61.0,378.0,46.0
Norway,2015,0.0,58.0,391.0,45.0
Norway,2016,0.0,60.0,390.0,46.0
Norway,2017,0.0,57.0,386.0,46.0
Norway,2018,0.0,57.0,386.0,46.0
Oman,2014,106.0,75.0,226.0,30.0
Oman,2015,101.0,73.0,206.0,33.0
Oman,2016,102.0,77.0,191.0,31.0
Oman,2017,101.0,116.0,194.0,31.0
Oman,2018,101.0,123.0,190.0,34.0
Pakistan,2014,133.0,21.0,67.0,11.0
Pakistan,2015,147.0,21.0,67.0,11.0
Pakistan,2016,158.0,21.0,68.0,12.0
Pakistan,2017,166.0,21.0,69.0,12.0
Pakistan,2018,164.0,23.0,70.0,13.0
Panama,2014,198.0,26.0,227.0,23.0
Panama,2015,208.0,28.0,225.0,22.0
Panama,2016,191.0,26.0,229.0,22.0
Panama,2017,220.0,26.0,224.0,23.0
Panama,2018,216.0,29.0,226.0,23.0
Papua New Guinea,2014,14.0,,,2.0
Papua New Guinea,2015,16.0,,,2.0
Papua New Guinea,2016,16.0,,,2.0
Papua New Guinea,2017,18.0,,,2.0
Papua New Guinea,2018,14.0,,,2.0
Paraguay,2014,611.0,30.0,111.0,73.0
Paraguay,2015,610.0,31.0,108.0,55.0
Paraguay,2016,614.0,33.0,121.0,56.0
Paraguay,2017,602.0,33.0,155.0,71.0
Paraguay,2018,625.0,34.0,154.0,66.0
Peru,2014,189.0,66.0,104.0,30.0
Peru,2015,191.0,66.0,105.0,33.0
Peru,2016,190.0,60.0,107.0,34.0
Peru,2017,193.0,62.0,108.0,34.0
Peru,2018,200.0,61.0,112.0,37.0
Philippines,2014,129.0,49.0,231.0,15.0
Philippines,2015,128.0,49.0,236.0,16.0
Philippines,2016,118.0,50.0,245.0,17.0
Philippines,2017,120.0,50.0,242.0,17.0
Philippines,2018,126.0,50.0,244.0,18.0
Portugal,2014,132.0,99.0,396.0,34.0
Portugal,2015,135.0,114.0,395.0,39.0
Portugal,2016,123.0,103.0,396.0,35.0
Portugal,2017,133.0,102.0,401.0,38.0
Portugal,2018,143.0,83.0,421.0,41.0
Republic of Korea,2014,78.0,174.0,273.0,43.0
Republic of Korea,2015,78.0,159.0,287.0,51.0
Republic of Korea,2016,79.0,157.0,296.0,50.0
Republic of Korea,2017,87.0,161.0,302.0,51.0
Republic of Korea,2018,86.0,168.0,313.0,52.0
Republic of Moldova,2014,607.0,61.0,164.0,32.0
Republic of Moldova,2015,632.0,47.0,177.0,31.0
Republic of Moldova,2016,657.0,59.0,181.0,31.0
Republic of Moldova,2017,656.0,58.0,176.0,31.0
Republic of Moldova,2018,659.0,58.0,195.0,34.0
Romania,2014,212.0,127.0,252.0,57.0
Romania,2015,212.0,126.0,275.0,56.0
Romania,2016,256.0,118.0,284.0,55.0
Romania,2017,258.0,127.0,284.0,53.0
Romania,2018,261.0,136.0,273.0,49.0
Russian Federation,2014,4.0,80.0,314.0,59.0
Russian Federation,2015,5.0,79.0,311.0,59.0
Russian Federation,2016,4.0,67.0,312.0,60.0
Russian Federation,2017,4.0,70.0,323.0,61.0
Russian Federation,2018,4.0,70.0,321.0,63.0
Rwanda,2014,233.0,28.0,41.0,2.0
Rwanda,2015,209.0,27.0,41.0,1.0
Rwanda,2016,215.0,23.0,41.0,2.0
Rwanda,2017,140.0,24.0,35.0,1.0
Rwanda,2018,111.0,25.0,34.0,1.0
Saint Kitts and Nevis,2014,5.0,17.0,432.0,14.0
Saint Kitts and Nevis,2015,5.0,18.0,397.0,13.0
Saint Kitts and Nevis,2016,8.0,37.0,458.0,15.0
Saint Kitts and Nevis,2017,9.0,42.0,462.0,12.0
Saint Kitts and Nevis,2018,7.0,24.0,370.0,12.0
Saint Lucia,2014,15.0,36.0,484.0,14.0
Saint Lucia,2015,27.0,29.0,488.0,13.0
Saint Lucia,2016,33.0,37.0,484.0,14.0
Saint Lucia,2017,31.0,42.0,474.0,13.0
Saint Lucia,2018,35.0,26.0,479.0,14.0
Saint Vincent and the Grenadines,2014,130.0,36.0,397.0,19.0
Saint Vincent and the Grenadines,2015,102.0,39.0,410.0,19.0
Saint Vincent and the Grenadines,2016,89.0,38.0,406.0,19.0
Saint Vincent and the Grenadines,2017,122.0,48.0,409.0,21.0
Saint Vincent and the Grenadines,2018,90.0,47.0,426.0,18.0
Samoa,2014,27.0,17.0,497.0,9.0
Samoa,2015,27.0,19.0,501.0,8.0
Samoa,2016,4.0,21.0,486.0,7.0
Samoa,2017,1.0,18.0,482.0,9.0
Samoa,2018,13.0,20.0,474.0,5.0
Sao Tome and Principe,2014,67.0,16.0,85.0,10.0
Sao Tome and Principe,2015,67.0,14.0,84.0,7.0
Sao Tome and Principe,2016,63.0,20.0,85.0,2.0
Sao Tome and Principe,2017,59.0,21.0,79.0,2.0
Sao Tome and Principe,2018,74.0,22.0,83.0,3.0
Saudi Arabia,2014,231.0,60.0,221.0,21.0
Saudi Arabia,2015,220.0,60.0,228.0,27.0
Saudi Arabia,2016,242.0,56.0,219.0,28.0
Saudi Arabia,2017,260.0,55.0,201.0,27.0
Saudi Arabia,2018,251.0,56.0,186.0,31.0
Senegal,2014,199.0,50.0,71.0,6.0
Senegal,2015,216.0,58.0,72.0,6.0
Senegal,2016,246.0,57.0,71.0,6.0
Senegal,2017,270.0,61.0,72.0,6.0
Senegal,2018,285.0,54.0,71.0,6.0
Serbia,2014,229.0,62.0,381.0,39.0
Serbia,2015,248.0,69.0,367.0,42.0
Serbia,2016,238.0,70.0,373.0,38.0
Serbia,2017,248.0,70.0,375.0,36.0
Serbia,2018,245.0,55.0,374.0,37.0
Sierra Leone,2014,19.0,31.0,39.0,5.0
Sierra Leone,2015,20.0,32.0,34.0,6.0
Sierra Leone,2016,11.0,31.0,31.0,6.0
Sierra Leone,2017,19.0,34.0,34.0,6.0
Sierra Leone,2018,19.0,33.0,35.0,5.0
Slovakia,2014,0.0,49.0,212.0,46.0
Slovakia,2015,,41.0,198.0,42.0
Slovakia,2016,0.0,52.0,234.0,46.0
Slovakia,2017,0.0,47.0,238.0,51.0
Slovakia,2018,0.0,48.0,235.0,50.0
Slovenia,2014,296.0,62.0,278.0,35.0
Slovenia,2015,261.0,65.0,270.0,34.0
Slovenia,2016,257.0,71.0,281.0,38.0
Slovenia,2017,247.0,70.0,283.0,39.0
Slovenia,2018,265.0,69.0,270.0,38.0
Solomon Islands,2014,1.0,9.0,73.0,4.0
Solomon Islands,2015,2.0,9.0,76.0,4.0
Solomon Islands,2016,1.0,8.0,78.0,4.0
Solomon Islands,2017,1.0,9.0,78.0,4.0
Solomon Islands,2018,3.0,9.0,78.0,4.0
South Africa,2014,874.0,36.0,329.0,24.0
South Africa,2015,884.0,38.0,330.0,27.0
South Africa,2016,853.0,36.0,335.0,24.0
South Africa,2017,916.0,37.0,322.0,22.0
South Africa,2018,815.0,35.0,331.0,23.0
Spain,2014,16.0,88.0,372.0,54.0
Spain,2015,16.0,85.0,383.0,53.0
Spain,2016,15.0,93.0,381.0,57.0
Spain,2017,16.0,93.0,386.0,56.0
Spain,2018,17.0,89.0,383.0,55.0
Sri Lanka,2014,68.0,47.0,24.0,18.0
Sri Lanka,2015,65.0,50.0,24.0,18.0
Sri Lanka,2016,61.0,52.0,24.0,17.0
Sri Lanka,2017,64.0,47.0,23.0,17.0
Sri Lanka,2018,66.0,52.0,24.0,16.0
Sudan,2014,8.0,63.0,137.0,4.0
Sudan,2015,2.0,63.0,122.0,4.0
Sudan,2016,5.0,61.0,124.0,5.0
Sudan,2017,2.0,59.0,119.0,5.0
Sudan,2018,2.0,59.0,119.0,5.0
Suriname,2014,17.0,58.0,238.0,15.0
Suriname,2015,18.0,57.0,229.0,19.0
Suriname,2016,18.0,61.0,217.0,27.0
Suriname,2017,18.0,61.0,213.0,23.0
Suriname,2018,20.0,58.0,207.0,19.0
Sweden,2014,10.0,71.0,333.0,51.0
Sweden,2015,10.0,73.0,332.0,51.0
Sweden,2016,10.0,72.0,330.0,55.0
Sweden,2017,10.0,69.0,327.0,55.0
Sweden,2018,15.0,67.0,325.0,48.0
Switzerland,2014,5.0,70.0,442.0,40.0
Switzerland,2015,4.0,69.0,430.0,40.0
Switzerland,2016,5.0,69.0,424.0,39.0
Switzerland,2017,5.0,69.0,418.0,40.0
Switzerland,2018,4.0,68.0,407.0,40.0
Tajikistan,2014,76.0,122.0,89.0,7.0
Tajikistan,2015,81.0,126.0,90.0,7.0
Tajikistan,2016,81.0,132.0,85.0,7.0
Tajikistan,2017,81.0,138.0,91.0,9.0
Tajikistan,2018,87.0,156.0,88.0,8.0
Thailand,2014,90.0,30.0,191.0,54.0
Thailand,2015,97.0,31.0,181.0,50.0
Thailand,2016,89.0,30.0,187.0,50.0
Thailand,2017,93.0,31.0,189.0,50.0
Thailand,2018,99.0,35.0,190.0,50.0
Timor-Leste,2014,587.0,20.0,171.0,7.0
Timor-Leste,2015,602.0,20.0,177.0,8.0
Timor-Leste,2016,616.0,19.0,175.0,8.0
Timor-Leste,2017,616.0,21.0,173.0,13.0
Timor-Leste,2018,619.0,20.0,191.0,7.0
Togo,2014,640.0,19.0,56.0,3.0
Togo,2015,613.0,18.0,55.0,3.0
Togo,2016,622.0,18.0,51.0,3.0
Togo,2017,624.0,20.0,51.0,3.0
Togo,2018,652.0,29.0,51.0,3.0
Trinidad and Tobago,2014,74.0,39.0,314.0,18.0
Trinidad and Tobago,2015,118.0,40.0,313.0,15.0
Trinidad and Tobago,2016,92.0,43.0,307.0,21.0
Trinidad and Tobago,2017,90.0,43.0,304.0,16.0
Trinidad and Tobago,2018,95.0,44.0,309.0,14.0
Tunisia,2014,0.0,166.0,117.0,27.0
Tunisia,2015,0.0,185.0,117.0,30.0
Tunisia,2016,0.0,173.0,117.0,26.0
Tunisia,2017,0.0,171.0,118.0,26.0
Tunisia,2018,0.0,165.0,117.0,25.0
Turkey,2014,183.0,138.0,138.0,33.0
Turkey,2015,184.0,144.0,144.0,35.0
Turkey,2016,157.0,147.0,144.0,34.0
Turkey,2017,162.0,143.0,155.0,34.0
Turkey,2018,151.0,136.0,154.0,35.0
Turkmenistan,2014,0.0,92.0,350.0,26.0
Turkmenistan,2015,0.0,85.0,343.0,26.0
Turkmenistan,2016,1.0,86.0,346.0,26.0
Turkmenistan,2017,2.0,83.0,340.0,25.0
Turkmenistan,2018,1.0,81.0,334.0,24.0
Uganda,2014,374.0,24.0,81.0,3.0
Uganda,2015,359.0,24.0,77.0,3.0
Uganda,2016,369.0,23.0,75.0,2.0
Uganda,2017,353.0,23.0,75.0,3.0
Uganda,2018,361.0,23.0,76.0,3.0
Ukraine,2014,88.0,123.0,225.0,72.0
Ukraine,2015,87.0,111.0,215.0,60.0
Ukraine,2016,134.0,114.0,218.0,56.0
Ukraine,2017,140.0,112.0,218.0,55.0
Ukraine,2018,143.0,114.0,220.0,56.0
United Arab Emirates,2014,8.0,85.0,278.0,42.0
United Arab Emirates,2015,11.0,94.0,277.0,45.0
United Arab Emirates,2016,9.0,96.0,277.0,48.0
United Arab Emirates,2017,14.0,103.0,276.0,51.0
United Arab Emirates,2018,10.0,84.0,276.0,51.0
United Kingdom of Great Britain and Northern Ireland,2014,30.0,69.0,431.0,41.0
United Kingdom of Great Britain and Northern Ireland,2015,26.0,66.0,451.0,42.0
United Kingdom of Great Britain and Northern Ireland,2016,31.0,68.0,460.0,43.0
United Kingdom of Great Britain and Northern Ireland,2017,28.0,68.0,444.0,44.0
United Kingdom of Great Britain and Northern Ireland,2018,35.0,64.0,434.0,43.0
United Republic of Tanzania,2014,545.0,30.0,53.0,6.0
United Republic of Tanzania,2015,548.0,27.0,53.0,6.0
United Republic of Tanzania,2016,547.0,28.0,51.0,5.0
United Republic of Tanzania,2017,581.0,27.0,52.0,5.0
United Republic of Tanzania,2018,530.0,26.0,53.0,5.0
United States of America,2014,92.0,72.0,425.0,57.0
United States of America,2015,92.0,71.0,435.0,56.0
United States of America,2016,92.0,72.0,442.0,58.0
United States of America,2017,92.0,69.0,446.0,60.0
United States of America,2018,91.0,69.0,455.0,62.0
Uruguay,2014,187.0,48.0,355.0,41.0
Uruguay,2015,183.0,51.0,320.0,38.0
Uruguay,2016,180.0,51.0,293.0,40.0
Uruguay,2017,181.0,52.0,323.0,42.0
Uruguay,2018,188.0,52.0,303.0,41.0
Uzbekistan,2014,44.0,199.0,216.0,21.0
Uzbekistan,2015,47.0,214.0,217.0,23.0
Uzbekistan,2016,49.0,233.0,220.0,25.0
Uzbekistan,2017,43.0,213.0,220.0,24.0
Uzbekistan,2018,45.0,196.0,224.0,25.0
Vanuatu,2014,0.0,31.0,243.0,12.0
Vanuatu,2015,0.0,31.0,242.0,11.0
Vanuatu,2016,0.0,31.0,247.0,11.0
Vanuatu,2017,1.0,31.0,246.0,10.0
Vanuatu,2018,1.0,30.0,249.0,10.0
Venezuela (Bolivarian Republic of),2014,363.0,34.0,267.0,19.0
Venezuela (Bolivarian Republic of),2015,326.0,34.0,196.0,18.0
Venezuela (Bolivarian Republic of),2016,368.0,33.0,152.0,14.0
Venezuela (Bolivarian Republic of),2017,392.0,32.0,123.0,13.0
Venezuela (Bolivarian Republic of),2018,347.0,31.0,123.0,16.0
Viet Nam,2014,93.0,101.0,442.0,15.0
Viet Nam,2015,100.0,101.0,452.0,16.0
Viet Nam,2016,108.0,107.0,455.0,17.0
Viet Nam,2017,116.0,105.0,459.0,19.0
Viet Nam,2018,124.0,113.0,469.0,20.0
Yemen,2014,118.0,19.0,94.0,8.0
Yemen,2015,125.0,16.0,79.0,8.0
Yemen,2016,134.0,16.0,71.0,8.0
Yemen,2017,132.0,13.0,68.0,7.0
Yemen,2018,129.0,18.0,78.0,6.0
Zambia,2014,1148.0,19.0,61.0,12.0
Zambia,2015,1119.0,18.0,61.0,12.0
Zambia,2016,1104.0,18.0,61.0,12.0
Zambia,2017,1038.0,17.0,67.0,12.0
Zambia,2018,1054.0,16.0,91.0,11.0
Zimbabwe,2014,686.0,12.0,90.0,6.0
Zimbabwe,2015,642.0,11.0,82.0,5.0
Zimbabwe,2016,690.0,11.0,78.0,5.0
Zimbabwe,2017,724.0,11.0,75.0,5.0
Zimbabwe,2018,737.0,10.0,80.0,5.0
World,2014,149.0,95.0,231.0,36.0
World,2015,151.0,96.0,232.0,37.0
World,2016,154.0,97.0,233.0,37.0
World,2017,157.0,98.0,234.0,37.0
World,2018,156.0,98.0,235.0,38.0
Africa,2014,399.0,50.0,89.0,9.0
Africa,2015,401.0,51.0,86.0,9.0
Africa,2016,401.0,49.0,84.0,9.0
Africa,2017,403.0,48.0,83.0,9.0
Africa,2018,392.0,49.0,85.0,8.0
Eastern Africa,2014,518.0,22.0,63.0,4.0
Eastern Africa,2015,517.0,21.0,61.0,4.0
Eastern Africa,2016,515.0,21.0,60.0,4.0
Eastern Africa,2017,512.0,22.0,60.0,4.0
Eastern Africa,2018,494.0,21.0,62.0,3.0
Middle Africa,2014,280.0,33.0,115.0,2.0
Middle Africa,2015,289.0,33.0,102.0,2.0
Middle Africa,2016,290.0,33.0,98.0,1.0
Middle Africa,2017,294.0,33.0,100.0,1.0
Middle Africa,2018,316.0,31.0,97.0,1.0
Northern Africa,2014,324.0,108.0,119.0,18.0
Northern Africa,2015,317.0,109.0,119.0,18.0
Northern Africa,2016,321.0,102.0,116.0,17.0
Northern Africa,2017,322.0,101.0,115.0,19.0
Northern Africa,2018,312.0,105.0,119.0,18.0
Southern Africa,2014,842.0,34.0,304.0,21.0
Southern Africa,2015,855.0,36.0,306.0,24.0
Southern Africa,2016,825.0,34.0,310.0,22.0
Southern Africa,2017,887.0,35.0,298.0,20.0
Southern Africa,2018,794.0,34.0,306.0,20.0
Western Africa,2014,272.0,50.0,53.0,8.0
Western Africa,2015,281.0,51.0,49.0,8.0
Western Africa,2016,286.0,49.0,46.0,8.0
Western Africa,2017,282.0,48.0,46.0,8.0
Western Africa,2018,284.0,50.0,46.0,7.0
Americas,2014,300.0,52.0,367.0,47.0
Americas,2015,298.0,52.0,375.0,47.0
Americas,2016,299.0,53.0,375.0,48.0
Americas,2017,303.0,53.0,382.0,49.0
Americas,2018,302.0,53.0,389.0,51.0
Northern America,2014,95.0,73.0,418.0,56.0
Northern America,2015,96.0,72.0,428.0,55.0
Northern America,2016,96.0,72.0,433.0,58.0
Northern America,2017,96.0,70.0,437.0,60.0
Northern America,2018,96.0,70.0,446.0,61.0
Central America,2014,907.0,38.0,267.0,59.0
Central America,2015,899.0,41.0,276.0,60.0
Central America,2016,901.0,44.0,281.0,61.0
Central America,2017,901.0,48.0,288.0,60.0
Central America,2018,897.0,50.0,295.0,61.0
Caribbean,2014,166.0,44.0,199.0,21.0
Caribbean,2015,166.0,47.0,205.0,20.0
Caribbean,2016,168.0,47.0,213.0,21.0
Caribbean,2017,180.0,48.0,212.0,21.0
Caribbean,2018,168.0,48.0,217.0,23.0
South America,2014,242.0,41.0,378.0,35.0
South America,2015,238.0,40.0,384.0,37.0
South America,2016,238.0,41.0,379.0,36.0
South America,2017,245.0,41.0,388.0,38.0
South America,2018,245.0,40.0,395.0,40.0
Asia,2014,73.0,117.0,213.0,38.0
Asia,2015,75.0,120.0,215.0,39.0
Asia,2016,79.0,122.0,216.0,40.0
Asia,2017,81.0,122.0,218.0,40.0
Asia,2018,81.0,124.0,219.0,40.0
Central Asia,2014,48.0,154.0,236.0,22.0
Central Asia,2015,50.0,162.0,234.0,23.0
Central Asia,2016,52.0,171.0,234.0,24.0
Central Asia,2017,50.0,163.0,236.0,24.0
Central Asia,2018,52.0,158.0,238.0,23.0
Eastern Asia,2014,64.0,211.0,433.0,73.0
Eastern Asia,2015,63.0,220.0,438.0,76.0
Eastern Asia,2016,64.0,223.0,444.0,78.0
Eastern Asia,2017,64.0,225.0,449.0,77.0
Eastern Asia,2018,64.0,229.0,453.0,78.0
Southern Asia,2014,60.0,56.0,29.0,11.0
Southern Asia,2015,62.0,54.0,29.0,11.0
Southern Asia,2016,68.0,55.0,29.0,12.0
Southern Asia,2017,74.0,57.0,29.0,12.0
Southern Asia,2018,71.0,57.0,30.0,13.0
South-eastern Asia,2014,122.0,53.0,186.0,25.0
South-eastern Asia,2015,128.0,53.0,185.0,26.0
South-eastern Asia,2016,134.0,54.0,187.0,27.0
South-eastern Asia,2017,134.0,54.0,188.0,28.0
South-eastern Asia,2018,140.0,56.0,190.0,29.0
Western Asia,2014,127.0,93.0,158.0,30.0
Western Asia,2015,126.0,91.0,161.0,29.0
Western Asia,2016,119.0,93.0,157.0,30.0
Western Asia,2017,124.0,90.0,160.0,31.0
Western Asia,2018,118.0,89.0,156.0,32.0
Europe,2014,54.0,82.0,345.0,50.0
Europe,2015,56.0,80.0,349.0,49.0
Europe,2016,60.0,81.0,349.0,49.0
Europe,2017,59.0,82.0,349.0,50.0
Europe,2018,59.0,79.0,352.0,50.0
Eastern Europe,2014,45.0,88.0,304.0,54.0
Eastern Europe,2015,44.0,83.0,307.0,52.0
Eastern Europe,2016,56.0,80.0,312.0,52.0
Eastern Europe,2017,56.0,82.0,319.0,52.0
Eastern Europe,2018,55.0,82.0,320.0,55.0
Northern Europe,2014,26.0,70.0,407.0,44.0
Northern Europe,2015,24.0,67.0,423.0,45.0
Northern Europe,2016,27.0,70.0,432.0,46.0
Northern Europe,2017,25.0,69.0,421.0,46.0
Northern Europe,2018,31.0,66.0,418.0,45.0
Southern Europe,2014,64.0,89.0,344.0,46.0
Southern Europe,2015,64.0,92.0,340.0,45.0
Southern Europe,2016,62.0,95.0,339.0,46.0
Southern Europe,2017,63.0,94.0,347.0,46.0
Southern Europe,2018,66.0,90.0,356.0,46.0
Western Europe,2014,75.0,75.0,375.0,49.0
Western Europe,2015,86.0,73.0,378.0,51.0
Western Europe,2016,83.0,77.0,370.0,50.0
Western Europe,2017,79.0,78.0,358.0,50.0
Western Europe,2018,75.0,75.0,360.0,49.0
Oceania,2014,38.0,72.0,447.0,31.0
Oceania,2015,39.0,74.0,461.0,30.0
Oceania,2016,38.0,74.0,476.0,31.0
Oceania,2017,38.0,74.0,437.0,31.0
Oceania,2018,39.0,74.0,436.0,32.0
Australia and New Zealand,2014,41.0,75.0,466.0,32.0
Australia and New Zealand,2015,43.0,78.0,481.0,31.0
Australia and New Zealand,2016,41.0,78.0,497.0,32.0
Australia and New Zealand,2017,41.0,77.0,455.0,33.0
Australia and New Zealand,2018,42.0,77.0,454.0,34.0
Melanesia,2014,3.0,36.0,190.0,17.0
Melanesia,2015,3.0,35.0,193.0,15.0
Melanesia,2016,4.0,33.0,191.0,13.0
Melanesia,2017,4.0,35.0,193.0,17.0
Melanesia,2018,4.0,36.0,190.0,18.0
Micronesia,2014,0.0,34.0,152.0,6.0
Micronesia,2015,0.0,34.0,150.0,6.0
Micronesia,2016,0.0,33.0,167.0,6.0
Micronesia,2017,1.0,34.0,167.0,8.0
Micronesia,2018,0.0,29.0,166.0,10.0
Polynesia,2014,11.0,35.0,477.0,26.0
Polynesia,2015,11.0,35.0,476.0,24.0
Polynesia,2016,15.0,35.0,469.0,21.0
Polynesia,2017,1.0,40.0,452.0,22.0
Polynesia,2018,10.0,35.0,451.0,21.0
European Union (28),2014,56.0,78.0,365.0,46.0
European Union (28),2015,59.0,77.0,372.0,46.0
European Union (28),2016,61.0,81.0,372.0,46.0
European Union (28),2017,59.0,81.0,368.0,46.0
European Union (28),2018,58.0,78.0,372.0,47.0
European Union (27),2014,60.0,80.0,355.0,47.0
European Union (27),2015,63.0,79.0,360.0,47.0
European Union (27),2016,65.0,83.0,359.0,47.0
European Union (27),2017,63.0,83.0,357.0,47.0
European Union (27),2018,62.0,81.0,363.0,47.0
Least Developed Countries,2014,250.0,34.0,76.0,7.0
Least Developed Countries,2015,247.0,35.0,73.0,7.0
Least Developed Countries,2016,251.0,36.0,71.0,8.0
Least Developed Countries,2017,254.0,35.0,71.0,8.0
Least Developed Countries,2018,249.0,35.0,73.0,8.0
Land Locked Developing Countries,2014,347.0,54.0,106.0,9.0
Land Locked Developing Countries,2015,340.0,56.0,104.0,9.0
Land Locked Developing Countries,2016,346.0,59.0,103.0,9.0
Land Locked Developing Countries,2017,347.0,56.0,103.0,10.0
Land Locked Developing Countries,2018,343.0,55.0,104.0,9.0
Small Island Developing States,2014,157.0,44.0,197.0,20.0
Small Island Developing States,2015,156.0,46.0,201.0,19.0
Small Island Developing States,2016,158.0,47.0,207.0,19.0
Small Island Developing States,2017,167.0,48.0,206.0,20.0
Small Island Developing States,2018,159.0,48.0,211.0,22.0
Low Income Food Deficit Countries,2014,140.0,54.0,53.0,9.0
Low Income Food Deficit Countries,2015,142.0,54.0,53.0,9.0
Low Income Food Deficit Countries,2016,148.0,55.0,52.0,10.0
Low Income Food Deficit Countries,2017,153.0,56.0,52.0,10.0
Low Income Food Deficit Countries,2018,149.0,56.0,53.0,10.0
Net Food Importing Developing Countries,2014,268.0,42.0,89.0,11.0
Net Food Importing Developing Countries,2015,270.0,42.0,86.0,11.0
Net Food Importing Developing Countries,2016,273.0,42.0,84.0,10.0
Net Food Importing Developing Countries,2017,277.0,41.0,83.0,11.0
Net Food Importing Developing Countries,2018,271.0,42.0,85.0,11.0
