Area,Year,Item,Value
Burundi,2011,Rice,1
Burundi,2011,Rice,1.2
Burundi,2011,Rice,1.3
Burundi,2011,Rice,2.5
Burundi,2011,Rice,2.7
Burundi,2011,Rice,3.1
Burundi,2011,Rice,4.4
Burundi,2010,Rice,1
Burundi,2010,Rice,1.2
Burundi,2010,Rice,1.3
Burundi,2010,Rice,2.5
Burundi,2010,Rice,2.7
Burundi,2010,Rice,3.1
Burundi,2010,Rice,4.4
Burundi,2009,Rice,1
Burundi,2009,Rice,1.2
Burundi,2009,Rice,1.3
Burundi,2009,Rice,2.5
Burundi,2009,Rice,2.7
Burundi,2009,Rice,3.1
Burundi,2009,Rice,4.4
Burundi,2008,Rice,1
Burundi,2008,Rice,1.2
Burundi,2008,Rice,1.3
Burundi,2008,Rice,2.5
Burundi,2008,Rice,2.7
Burundi,2008,Rice,3.1
Burundi,2008,Rice,4.4
Burundi,2007,Rice,1
Burundi,2007,Rice,1.2
Burundi,2007,Rice,1.3
Burundi,2007,Rice,2.5
Burundi,2007,Rice,2.7
Burundi,2007,Rice,3.1
Burundi,2007,Rice,4.4
Burundi,2006,Rice,1
Burundi,2006,Rice,1.2
Burundi,2006,Rice,1.3
Burundi,2006,Rice,2.5
Burundi,2006,Rice,2.7
Burundi,2006,Rice,3.1
Burundi,2006,Rice,4.4
Burundi,2005,Rice,1
Burundi,2005,Rice,1.2
Burundi,2005,Rice,1.3
Burundi,2005,Rice,2.5
Burundi,2005,Rice,2.7
Burundi,2005,Rice,3.1
Burundi,2005,Rice,4.4
Burundi,2003,Rice,1
Burundi,2003,Rice,1.2
Burundi,2003,Rice,1.3
Burundi,2003,Rice,2.5
Burundi,2003,Rice,2.7
Burundi,2003,Rice,3.1
Burundi,2003,Rice,4.4
Cameroon,2010,Rice,0.8
Cameroon,2010,Rice,1
Cameroon,2010,Rice,1.3
Cameroon,2010,Rice,2.5
Cameroon,2010,Rice,2.7
Cameroon,2010,Rice,3.1
Cameroon,2010,Rice,4.4
Cameroon,2009,Rice,0.8
Cameroon,2009,Rice,1
Cameroon,2009,Rice,1.3
Cameroon,2009,Rice,2.5
Cameroon,2009,Rice,2.7
Cameroon,2009,Rice,3.1
Cameroon,2009,Rice,4.4
Cameroon,2008,Rice,0.8
Cameroon,2008,Rice,1
Cameroon,2008,Rice,1.3
Cameroon,2008,Rice,2.5
Cameroon,2008,Rice,2.7
Cameroon,2008,Rice,3.1
Cameroon,2008,Rice,4.4
Cameroon,2007,Rice,0.8
Cameroon,2007,Rice,1
Cameroon,2007,Rice,1.3
Cameroon,2007,Rice,2.5
Cameroon,2007,Rice,2.7
Cameroon,2007,Rice,3.1
Cameroon,2007,Rice,4.4
Cameroon,2006,Rice,0.8
Cameroon,2006,Rice,1
Cameroon,2006,Rice,1.3
Cameroon,2006,Rice,2.5
Cameroon,2006,Rice,2.7
Cameroon,2006,Rice,3.1
Cameroon,2006,Rice,4.4
Cameroon,2005,Rice,0.8
Cameroon,2005,Rice,1
Cameroon,2005,Rice,1.3
Cameroon,2005,Rice,2.5
Cameroon,2005,Rice,2.7
Cameroon,2005,Rice,3.1
Cameroon,2005,Rice,4.4
Cameroon,2004,Rice,0.8
Cameroon,2004,Rice,1
Cameroon,2004,Rice,1.3
Cameroon,2004,Rice,2.5
Cameroon,2004,Rice,2.7
Cameroon,2004,Rice,3.1
Cameroon,2004,Rice,4.4
Cameroon,2003,Rice,0.8
Cameroon,2003,Rice,1
Cameroon,2003,Rice,1.3
Cameroon,2003,Rice,2.5
Cameroon,2003,Rice,2.7
Cameroon,2003,Rice,3.1
Cameroon,2003,Rice,4.4
Chad,2012,Rice,2.5
Chad,2012,Rice,0.7
Chad,2012,Rice,1
Chad,2012,Rice,1.3
Chad,2012,Rice,2.7
Chad,2012,Rice,3.1
Chad,2012,Rice,4.4
China,2013,Rice,0.07
China,2011,Rice,6.5
China,2011,Rice,8
China,2009,Rice,0.01
China,2008,Rice,15
Democratic Republic of the Congo,2011,Rice,1
Democratic Republic of the Congo,2011,Rice,1.2
Democratic Republic of the Congo,2011,Rice,1.3
Democratic Republic of the Congo,2011,Rice,2.5
Democratic Republic of the Congo,2011,Rice,2.7
Democratic Republic of the Congo,2011,Rice,3.1
Democratic Republic of the Congo,2011,Rice,4.4
Democratic Republic of the Congo,2010,Rice,1
Democratic Republic of the Congo,2010,Rice,1.2
Democratic Republic of the Congo,2010,Rice,1.3
Democratic Republic of the Congo,2010,Rice,2.5
Democratic Republic of the Congo,2010,Rice,2.7
Democratic Republic of the Congo,2010,Rice,3.1
Democratic Republic of the Congo,2010,Rice,4.4
Democratic Republic of the Congo,2009,Rice,1
Democratic Republic of the Congo,2009,Rice,1.2
Democratic Republic of the Congo,2009,Rice,1.3
Democratic Republic of the Congo,2009,Rice,2.5
Democratic Republic of the Congo,2009,Rice,2.7
Democratic Republic of the Congo,2009,Rice,3.1
Democratic Republic of the Congo,2009,Rice,4.4
Democratic Republic of the Congo,2008,Rice,1
Democratic Republic of the Congo,2008,Rice,1.2
Democratic Republic of the Congo,2008,Rice,1.3
Democratic Republic of the Congo,2008,Rice,2.5
Democratic Republic of the Congo,2008,Rice,2.7
Democratic Republic of the Congo,2008,Rice,3.1
Democratic Republic of the Congo,2008,Rice,4.4
Benin,2013,Rice,1.6
Benin,2012,Rice,0.6
Benin,2012,Rice,1
Benin,2012,Rice,1.3
Benin,2012,Rice,2.5
Benin,2012,Rice,2.7
Benin,2012,Rice,3.1
Benin,2012,Rice,14.1
Benin,2011,Rice,0.6
Benin,2011,Rice,1
Benin,2011,Rice,1.3
Benin,2011,Rice,2.5
Benin,2011,Rice,2.7
Benin,2011,Rice,3.1
Benin,2011,Rice,14.1
Benin,2010,Rice,0.6
Benin,2010,Rice,1
Benin,2010,Rice,1.3
Benin,2010,Rice,2.5
Benin,2010,Rice,2.7
Benin,2010,Rice,3.1
Benin,2010,Rice,15.2
Benin,2009,Rice,0.6
Benin,2009,Rice,1
Benin,2009,Rice,1.3
Benin,2009,Rice,2.5
Benin,2009,Rice,2.7
Benin,2009,Rice,3.1
Benin,2009,Rice,15.2
Benin,2008,Rice,0.6
Benin,2008,Rice,1
Benin,2008,Rice,1.3
Benin,2008,Rice,2.5
Benin,2008,Rice,2.7
Benin,2008,Rice,3.1
Benin,2008,Rice,14.1
El Salvador,2013,Rice,6
Ethiopia,2013,Rice,1
Ethiopia,2013,Rice,1
Ethiopia,2013,Rice,1.3
Ethiopia,2013,Rice,2.5
Ethiopia,2013,Rice,2.7
Ethiopia,2013,Rice,3.1
Ethiopia,2013,Rice,4.4
Ethiopia,2012,Rice,0.8
Ethiopia,2012,Rice,1
Ethiopia,2012,Rice,1.3
Ethiopia,2012,Rice,2.5
Ethiopia,2012,Rice,2.7
Ethiopia,2012,Rice,3.1
Ethiopia,2012,Rice,4.4
Ethiopia,2010,Rice,1
Ethiopia,2010,Rice,1.2
Ethiopia,2010,Rice,1.3
Ethiopia,2010,Rice,2.5
Ethiopia,2010,Rice,2.7
Ethiopia,2010,Rice,3.1
Ethiopia,2010,Rice,4.4
Ethiopia,2009,Rice,0.7
Ethiopia,2009,Rice,1
Ethiopia,2009,Rice,1.3
Ethiopia,2009,Rice,2.5
Ethiopia,2009,Rice,2.7
Ethiopia,2009,Rice,3.1
Ethiopia,2009,Rice,4.4
Ethiopia,2008,Rice,1
Ethiopia,2008,Rice,1
Ethiopia,2008,Rice,1.3
Ethiopia,2008,Rice,2.5
Ethiopia,2008,Rice,2.7
Ethiopia,2008,Rice,3.1
Ethiopia,2008,Rice,4.4
Ethiopia,2007,Rice,1
Ethiopia,2007,Rice,1.2
Ethiopia,2007,Rice,1.3
Ethiopia,2007,Rice,2.5
Ethiopia,2007,Rice,2.7
Ethiopia,2007,Rice,3.1
Ethiopia,2007,Rice,4.4
Ethiopia,2006,Rice,1
Ethiopia,2006,Rice,1.2
Ethiopia,2006,Rice,1.3
Ethiopia,2006,Rice,2.5
Ethiopia,2006,Rice,2.7
Ethiopia,2006,Rice,3.1
Ethiopia,2006,Rice,4.4
Ethiopia,2005,Rice,0.9
Ethiopia,2005,Rice,1
Ethiopia,2005,Rice,1.3
Ethiopia,2005,Rice,2.5
Ethiopia,2005,Rice,2.7
Ethiopia,2005,Rice,3.1
Ethiopia,2005,Rice,4.4
Angola,2011,Rice,0.8
Angola,2011,Rice,1
Angola,2011,Rice,1.3
Angola,2011,Rice,2.5
Angola,2011,Rice,2.7
Angola,2011,Rice,3.1
Angola,2011,Rice,4.4
Angola,2010,Rice,0.7
Angola,2010,Rice,1
Angola,2010,Rice,1.3
Angola,2010,Rice,2.5
Angola,2010,Rice,2.7
Angola,2010,Rice,3.1
Angola,2010,Rice,4.4
Angola,2009,Rice,0.7
Angola,2009,Rice,1
Angola,2009,Rice,1.3
Angola,2009,Rice,2.5
Angola,2009,Rice,2.7
Angola,2009,Rice,3.1
Angola,2009,Rice,4.4
Angola,2008,Rice,0.6
Angola,2008,Rice,1
Angola,2008,Rice,1.3
Angola,2008,Rice,2.5
Angola,2008,Rice,2.7
Angola,2008,Rice,3.1
Angola,2008,Rice,4.4
Angola,2007,Rice,0.6
Angola,2007,Rice,1
Angola,2007,Rice,1.3
Angola,2007,Rice,2.5
Angola,2007,Rice,2.7
Angola,2007,Rice,3.1
Angola,2007,Rice,4.4
Angola,2006,Rice,0.4
Angola,2006,Rice,1
Angola,2006,Rice,1.3
Angola,2006,Rice,2.5
Angola,2006,Rice,2.7
Angola,2006,Rice,3.1
Angola,2006,Rice,4.4
Angola,2005,Rice,0.8
Angola,2005,Rice,1
Angola,2005,Rice,1.3
Angola,2005,Rice,2.5
Angola,2005,Rice,2.7
Angola,2005,Rice,3.1
Angola,2005,Rice,4.4
Angola,2004,Rice,0.8
Angola,2004,Rice,1
Angola,2004,Rice,1.3
Angola,2004,Rice,2.5
Angola,2004,Rice,2.7
Angola,2004,Rice,3.1
Angola,2004,Rice,4.4
Angola,2003,Rice,0.7
Angola,2003,Rice,1
Angola,2003,Rice,1.3
Angola,2003,Rice,2.5
Angola,2003,Rice,2.7
Angola,2003,Rice,3.1
Angola,2003,Rice,4.4
Finland,2010,Rice,0.28
Gambia,2011,Rice,1
Gambia,2011,Rice,1.2
Gambia,2011,Rice,1.3
Gambia,2011,Rice,2.5
Gambia,2011,Rice,2.7
Gambia,2011,Rice,3.1
Gambia,2011,Rice,4.4
Ghana,2011,Rice,1
Ghana,2011,Rice,1.1
Ghana,2011,Rice,1.3
Ghana,2011,Rice,2.5
Ghana,2011,Rice,2.7
Ghana,2011,Rice,3.1
Ghana,2011,Rice,4.4
Ghana,2011,Rice,13
Ghana,2010,Rice,1
Ghana,2010,Rice,1.1
Ghana,2010,Rice,1.3
Ghana,2010,Rice,2.5
Ghana,2010,Rice,2.7
Ghana,2010,Rice,3.1
Ghana,2010,Rice,4.4
Ghana,2010,Rice,8
Ghana,2010,Rice,0.07
Ghana,2010,Rice,0.02
Ghana,2009,Rice,1
Ghana,2009,Rice,1.1
Ghana,2009,Rice,1.3
Ghana,2009,Rice,2.5
Ghana,2009,Rice,2.7
Ghana,2009,Rice,3.1
Ghana,2009,Rice,4.4
Ghana,2008,Rice,0.23
Ghana,2008,Rice,1
Ghana,2008,Rice,1.1
Ghana,2008,Rice,1.3
Ghana,2008,Rice,2.5
Ghana,2008,Rice,2.7
Ghana,2008,Rice,3.1
Ghana,2008,Rice,4.4
Ghana,2008,Rice,0.01
Ghana,2008,Rice,0.01
Ghana,2008,Rice,0.01
Ghana,2008,Rice,0.01
Ghana,2008,Rice,0
Ghana,2008,Rice,0
Ghana,2008,Rice,0.01
Ghana,2008,Rice,0.01
Ghana,2008,Rice,0.07
Ghana,2008,Rice,0
Ghana,2008,Rice,0
Ghana,2008,Rice,0
Ghana,2008,Rice,0.01
Ghana,2008,Rice,0.06
Ghana,2008,Rice,0.09
Ghana,2007,Rice,1
Ghana,2007,Rice,1.1
Ghana,2007,Rice,1.3
Ghana,2007,Rice,2.5
Ghana,2007,Rice,2.7
Ghana,2007,Rice,3.1
Ghana,2007,Rice,4.4
Ghana,2006,Rice,1
Ghana,2006,Rice,1.1
Ghana,2006,Rice,1.3
Ghana,2006,Rice,2.5
Ghana,2006,Rice,2.7
Ghana,2006,Rice,3.1
Ghana,2006,Rice,4.4
Ghana,2005,Rice,1
Ghana,2005,Rice,1.1
Ghana,2005,Rice,1.3
Ghana,2005,Rice,2.5
Ghana,2005,Rice,2.7
Ghana,2005,Rice,3.1
Ghana,2005,Rice,4.4
Ghana,2004,Rice,1
Ghana,2004,Rice,1.1
Ghana,2004,Rice,1.3
Ghana,2004,Rice,2.5
Ghana,2004,Rice,2.7
Ghana,2004,Rice,3.1
Ghana,2004,Rice,4.4
Ghana,2003,Rice,1.1
Ghana,2003,Rice,1
Ghana,2003,Rice,1.3
Ghana,2003,Rice,2.5
Ghana,2003,Rice,2.7
Ghana,2003,Rice,3.1
Ghana,2003,Rice,4.4
Guinea,2013,Rice,0.7
Guinea,2013,Rice,1
Guinea,2013,Rice,1.3
Guinea,2013,Rice,2.5
Guinea,2013,Rice,2.7
Guinea,2013,Rice,3.1
Guinea,2013,Rice,4.4
Guinea,2012,Rice,0.7
Guinea,2012,Rice,1
Guinea,2012,Rice,1.3
Guinea,2012,Rice,2.5
Guinea,2012,Rice,2.7
Guinea,2012,Rice,3.1
Guinea,2012,Rice,4.4
Guinea,2011,Rice,0.7
Guinea,2011,Rice,1
Guinea,2011,Rice,1.3
Guinea,2011,Rice,2.5
Guinea,2011,Rice,2.7
Guinea,2011,Rice,3.1
Guinea,2011,Rice,4.4
Guinea,2010,Rice,0.7
Guinea,2010,Rice,1
Guinea,2010,Rice,1.3
Guinea,2010,Rice,2.5
Guinea,2010,Rice,2.7
Guinea,2010,Rice,3.1
Guinea,2010,Rice,4.4
Guinea,2009,Rice,0.7
Guinea,2009,Rice,1
Guinea,2009,Rice,1.3
Guinea,2009,Rice,2.5
Guinea,2009,Rice,2.7
Guinea,2009,Rice,3.1
Guinea,2009,Rice,4.4
Guinea,2008,Rice,0.7
Guinea,2008,Rice,1
Guinea,2008,Rice,1.3
Guinea,2008,Rice,2.5
Guinea,2008,Rice,2.7
Guinea,2008,Rice,3.1
Guinea,2008,Rice,4.4
India,2014,Rice,0.02
India,2014,Rice,0.07
India,2014,Rice,0.08
India,2014,Rice,0.09
India,2014,Rice,0.1
India,2014,Rice,0.16
India,2014,Rice,0.21
India,2014,Rice,0.37
India,2014,Rice,0.39
India,2014,Rice,0.5
India,2014,Rice,1.44
India,2014,Rice,2.08
India,2014,Rice,5.53
India,2006,Rice,0.1
India,2006,Rice,0.13
India,2006,Rice,0.23
India,2006,Rice,0.36
India,2006,Rice,0.52
India,2006,Rice,0.67
India,2006,Rice,0.74
India,2006,Rice,0.89
India,2006,Rice,1.15
India,2006,Rice,1.2
India,2006,Rice,1.34
India,2006,Rice,1.93
India,2004,Rice,0
Indonesia,2013,Rice,5
Indonesia,2013,Rice,15
Indonesia,2012,Rice,0.11
Indonesia,2012,Rice,0.06
Indonesia,2012,Rice,0.11
Indonesia,2012,Rice,0.11
Indonesia,2012,Rice,0.06
Indonesia,2012,Rice,0.05
Indonesia,2007,Rice,0.01
Indonesia,2007,Rice,0
Indonesia,2007,Rice,0.11
Indonesia,2007,Rice,0.03
Indonesia,2007,Rice,0.01
Indonesia,2007,Rice,0
Indonesia,2006,Rice,0.62
Indonesia,2006,Rice,0.91
Indonesia,2006,Rice,1.08
Indonesia,2006,Rice,0.31
Indonesia,2006,Rice,0.18
Indonesia,2006,Rice,1.2
Indonesia,2002,Rice,5.9
Indonesia,2002,Rice,18.6
Côte d'Ivoire,2007,Rice,1
Côte d'Ivoire,2007,Rice,1.2
Côte d'Ivoire,2007,Rice,1.3
Côte d'Ivoire,2007,Rice,2.5
Côte d'Ivoire,2007,Rice,2.7
Côte d'Ivoire,2007,Rice,3.1
Côte d'Ivoire,2007,Rice,4.4
Côte d'Ivoire,2006,Rice,1
Côte d'Ivoire,2006,Rice,1.2
Côte d'Ivoire,2006,Rice,1.3
Côte d'Ivoire,2006,Rice,2.5
Côte d'Ivoire,2006,Rice,2.7
Côte d'Ivoire,2006,Rice,3.1
Côte d'Ivoire,2006,Rice,4.4
Côte d'Ivoire,2005,Rice,1
Côte d'Ivoire,2005,Rice,1.2
Côte d'Ivoire,2005,Rice,1.3
Côte d'Ivoire,2005,Rice,2.5
Côte d'Ivoire,2005,Rice,2.7
Côte d'Ivoire,2005,Rice,3.1
Côte d'Ivoire,2005,Rice,4.4
Côte d'Ivoire,2004,Rice,1
Côte d'Ivoire,2004,Rice,1.2
Côte d'Ivoire,2004,Rice,1.3
Côte d'Ivoire,2004,Rice,2.5
Côte d'Ivoire,2004,Rice,2.7
Côte d'Ivoire,2004,Rice,3.1
Côte d'Ivoire,2004,Rice,4.4
Côte d'Ivoire,2003,Rice,1
Côte d'Ivoire,2003,Rice,1.2
Côte d'Ivoire,2003,Rice,1.3
Côte d'Ivoire,2003,Rice,2.5
Côte d'Ivoire,2003,Rice,2.7
Côte d'Ivoire,2003,Rice,3.1
Côte d'Ivoire,2003,Rice,4.4
Kenya,2013,Rice,0.5
Kenya,2013,Rice,1
Kenya,2013,Rice,1.3
Kenya,2013,Rice,2.5
Kenya,2013,Rice,2.7
Kenya,2013,Rice,3.1
Kenya,2013,Rice,11.2
Kenya,2012,Rice,0.5
Kenya,2012,Rice,1
Kenya,2012,Rice,1.3
Kenya,2012,Rice,2.5
Kenya,2012,Rice,2.7
Kenya,2012,Rice,3.1
Kenya,2012,Rice,4.4
Kenya,2011,Rice,0.5
Kenya,2011,Rice,1
Kenya,2011,Rice,1.3
Kenya,2011,Rice,2.5
Kenya,2011,Rice,2.7
Kenya,2011,Rice,3.1
Kenya,2011,Rice,4.4
Kenya,2010,Rice,0.4
Kenya,2010,Rice,1
Kenya,2010,Rice,1.3
Kenya,2010,Rice,2.5
Kenya,2010,Rice,2.7
Kenya,2010,Rice,3.1
Kenya,2010,Rice,12.3
Kenya,2009,Rice,6.8
Kenya,2009,Rice,0.3
Kenya,2009,Rice,1
Kenya,2009,Rice,1.3
Kenya,2009,Rice,2.5
Kenya,2009,Rice,2.7
Kenya,2009,Rice,3.1
Kenya,2008,Rice,2.5
Kenya,2008,Rice,0.3
Kenya,2008,Rice,1
Kenya,2008,Rice,1.3
Kenya,2008,Rice,2.7
Kenya,2008,Rice,3.1
Kenya,2008,Rice,4.4
Kenya,2007,Rice,0.7
Kenya,2007,Rice,1
Kenya,2007,Rice,1.3
Kenya,2007,Rice,2.5
Kenya,2007,Rice,2.7
Kenya,2007,Rice,3.1
Kenya,2007,Rice,4.4
Democratic People's Republic of Korea,2014,Rice,15.56
Republic of Korea,2014,Rice,8
Republic of Korea,2014,Rice,10
Republic of Korea,2014,Rice,10
Republic of Korea,2014,Rice,13
Republic of Korea,2014,Rice,14
Republic of Korea,2014,Rice,14
Republic of Korea,2014,Rice,15
Republic of Korea,2014,Rice,16
Liberia,2010,Rice,0.5
Liberia,2010,Rice,1
Liberia,2010,Rice,1.3
Liberia,2010,Rice,2.5
Liberia,2010,Rice,2.7
Liberia,2010,Rice,3.1
Liberia,2010,Rice,4.4
Liberia,2009,Rice,0.5
Liberia,2009,Rice,1
Liberia,2009,Rice,1.3
Liberia,2009,Rice,2.5
Liberia,2009,Rice,2.7
Liberia,2009,Rice,3.1
Liberia,2009,Rice,4.4
Liberia,2008,Rice,0.5
Liberia,2008,Rice,1
Liberia,2008,Rice,1.3
Liberia,2008,Rice,2.5
Liberia,2008,Rice,2.7
Liberia,2008,Rice,3.1
Liberia,2008,Rice,4.4
Madagascar,2011,Rice,0.8
Madagascar,2011,Rice,1
Madagascar,2011,Rice,1.3
Madagascar,2011,Rice,2.5
Madagascar,2011,Rice,2.7
Madagascar,2011,Rice,3.1
Madagascar,2011,Rice,4.4
Madagascar,2010,Rice,0.8
Madagascar,2010,Rice,1
Madagascar,2010,Rice,1.3
Madagascar,2010,Rice,2.5
Madagascar,2010,Rice,2.7
Madagascar,2010,Rice,3.1
Madagascar,2010,Rice,4.4
Madagascar,2009,Rice,0.8
Madagascar,2009,Rice,1
Madagascar,2009,Rice,1.3
Madagascar,2009,Rice,2.5
Madagascar,2009,Rice,2.7
Madagascar,2009,Rice,3.1
Madagascar,2009,Rice,4.4
Madagascar,2008,Rice,0.8
Madagascar,2008,Rice,1
Madagascar,2008,Rice,1.3
Madagascar,2008,Rice,2.5
Madagascar,2008,Rice,2.7
Madagascar,2008,Rice,3.1
Madagascar,2008,Rice,4.4
Madagascar,2007,Rice,0.8
Madagascar,2007,Rice,1
Madagascar,2007,Rice,1.3
Madagascar,2007,Rice,2.5
Madagascar,2007,Rice,2.7
Madagascar,2007,Rice,3.1
Madagascar,2007,Rice,4.4
Madagascar,2006,Rice,0.8
Madagascar,2006,Rice,1
Madagascar,2006,Rice,1.3
Madagascar,2006,Rice,2.5
Madagascar,2006,Rice,2.7
Madagascar,2006,Rice,3.1
Madagascar,2006,Rice,4.4
Madagascar,2005,Rice,0.8
Madagascar,2005,Rice,1
Madagascar,2005,Rice,1.3
Madagascar,2005,Rice,2.5
Madagascar,2005,Rice,2.7
Madagascar,2005,Rice,3.1
Madagascar,2005,Rice,4.4
Malawi,2015,Rice,0.6
Malawi,2015,Rice,1
Malawi,2015,Rice,1.3
Malawi,2015,Rice,2.2
Malawi,2015,Rice,2.5
Malawi,2015,Rice,3
Malawi,2015,Rice,5.7
Malawi,2014,Rice,0.6
Malawi,2014,Rice,1
Malawi,2014,Rice,1.3
Malawi,2014,Rice,2.2
Malawi,2014,Rice,2.5
Malawi,2014,Rice,3
Malawi,2014,Rice,5.7
Malawi,2013,Rice,0.6
Malawi,2013,Rice,1
Malawi,2013,Rice,1.3
Malawi,2013,Rice,2.2
Malawi,2013,Rice,2.5
Malawi,2013,Rice,3
Malawi,2013,Rice,5.7
Malawi,2012,Rice,0.6
Malawi,2012,Rice,1
Malawi,2012,Rice,1.3
Malawi,2012,Rice,2.2
Malawi,2012,Rice,2.5
Malawi,2012,Rice,3
Malawi,2012,Rice,4.4
Malawi,2011,Rice,0.6
Malawi,2011,Rice,1
Malawi,2011,Rice,1.3
Malawi,2011,Rice,2.2
Malawi,2011,Rice,2.5
Malawi,2011,Rice,3
Malawi,2011,Rice,4.4
Malawi,2010,Rice,0.6
Malawi,2010,Rice,1
Malawi,2010,Rice,1.3
Malawi,2010,Rice,2.2
Malawi,2010,Rice,2.5
Malawi,2010,Rice,3
Malawi,2010,Rice,4.4
Malawi,2009,Rice,0.6
Malawi,2009,Rice,1
Malawi,2009,Rice,1.3
Malawi,2009,Rice,2.2
Malawi,2009,Rice,2.5
Malawi,2009,Rice,3
Malawi,2009,Rice,4.4
Malawi,2008,Rice,0.6
Malawi,2008,Rice,1
Malawi,2008,Rice,1.3
Malawi,2008,Rice,2.2
Malawi,2008,Rice,2.5
Malawi,2008,Rice,3
Malawi,2008,Rice,4.4
Malawi,2007,Rice,0.7
Malawi,2007,Rice,1
Malawi,2007,Rice,1.3
Malawi,2007,Rice,2.1
Malawi,2007,Rice,2.5
Malawi,2007,Rice,2.9
Malawi,2007,Rice,4.4
Malawi,2006,Rice,0.6
Malawi,2006,Rice,1
Malawi,2006,Rice,1.3
Malawi,2006,Rice,2.1
Malawi,2006,Rice,2.5
Malawi,2006,Rice,2.9
Malawi,2006,Rice,4.4
Malawi,2005,Rice,0.6
Malawi,2005,Rice,1
Malawi,2005,Rice,1.3
Malawi,2005,Rice,2.1
Malawi,2005,Rice,2.5
Malawi,2005,Rice,2.9
Malawi,2005,Rice,4.4
Malawi,2004,Rice,0.6
Malawi,2004,Rice,1
Malawi,2004,Rice,1.3
Malawi,2004,Rice,2.1
Malawi,2004,Rice,2.5
Malawi,2004,Rice,2.9
Malawi,2004,Rice,4.4
Malaysia,2007,Rice,2
Malaysia,2007,Rice,5
Malaysia,2007,Rice,6
Malaysia,2007,Rice,6
Mali,2012,Rice,0.3
Mali,2012,Rice,1
Mali,2012,Rice,1.3
Mali,2012,Rice,2.5
Mali,2012,Rice,2.7
Mali,2012,Rice,3.1
Mali,2012,Rice,4.4
Mali,2011,Rice,0.2
Mali,2011,Rice,1
Mali,2011,Rice,1.3
Mali,2011,Rice,2.5
Mali,2011,Rice,2.7
Mali,2011,Rice,3.1
Mali,2011,Rice,4.4
Mali,2010,Rice,0.2
Mali,2010,Rice,1
Mali,2010,Rice,1.3
Mali,2010,Rice,2.5
Mali,2010,Rice,2.7
Mali,2010,Rice,3.1
Mali,2010,Rice,4.4
Mali,2009,Rice,0.2
Mali,2009,Rice,1
Mali,2009,Rice,1.3
Mali,2009,Rice,2.5
Mali,2009,Rice,2.7
Mali,2009,Rice,3.1
Mali,2009,Rice,4.4
Mali,2008,Rice,0.2
Mali,2008,Rice,1
Mali,2008,Rice,1.3
Mali,2008,Rice,2.5
Mali,2008,Rice,2.7
Mali,2008,Rice,3.1
Mali,2008,Rice,4.4
Mali,2007,Rice,0.3
Mali,2007,Rice,1
Mali,2007,Rice,1.3
Mali,2007,Rice,2.5
Mali,2007,Rice,2.7
Mali,2007,Rice,3.1
Mali,2007,Rice,4.4
Mali,2006,Rice,0.3
Mali,2006,Rice,1
Mali,2006,Rice,1.3
Mali,2006,Rice,2.5
Mali,2006,Rice,2.7
Mali,2006,Rice,3.1
Mali,2006,Rice,4.4
Mali,2005,Rice,0.3
Mali,2005,Rice,1
Mali,2005,Rice,1.3
Mali,2005,Rice,2.5
Mali,2005,Rice,2.7
Mali,2005,Rice,3.1
Mali,2005,Rice,4.4
Mali,2004,Rice,0.3
Mali,2004,Rice,1
Mali,2004,Rice,1.3
Mali,2004,Rice,2.5
Mali,2004,Rice,2.7
Mali,2004,Rice,3.1
Mali,2004,Rice,4.4
Mali,2003,Rice,0.3
Mali,2003,Rice,1
Mali,2003,Rice,1.3
Mali,2003,Rice,2.5
Mali,2003,Rice,2.7
Mali,2003,Rice,3.1
Mali,2003,Rice,4.4
Mauritania,2013,Rice,0.1
Mauritania,2013,Rice,1
Mauritania,2013,Rice,1.3
Mauritania,2013,Rice,2.5
Mauritania,2013,Rice,2.7
Mauritania,2013,Rice,3.1
Mauritania,2013,Rice,4.4
Mauritania,2012,Rice,0.1
Mauritania,2012,Rice,1
Mauritania,2012,Rice,1.3
Mauritania,2012,Rice,2.5
Mauritania,2012,Rice,2.7
Mauritania,2012,Rice,3.1
Mauritania,2012,Rice,4.4
Mauritania,2011,Rice,0.1
Mauritania,2011,Rice,1
Mauritania,2011,Rice,1.3
Mauritania,2011,Rice,2.5
Mauritania,2011,Rice,2.7
Mauritania,2011,Rice,3.1
Mauritania,2011,Rice,4.4
Mauritania,2010,Rice,0.1
Mauritania,2010,Rice,1
Mauritania,2010,Rice,1.3
Mauritania,2010,Rice,2.5
Mauritania,2010,Rice,2.7
Mauritania,2010,Rice,3.1
Mauritania,2010,Rice,4.4
Mauritania,2009,Rice,0.1
Mauritania,2009,Rice,1
Mauritania,2009,Rice,1.3
Mauritania,2009,Rice,2.5
Mauritania,2009,Rice,2.7
Mauritania,2009,Rice,3.1
Mauritania,2009,Rice,4.4
Mauritania,2008,Rice,0.1
Mauritania,2008,Rice,1
Mauritania,2008,Rice,1.3
Mauritania,2008,Rice,2.5
Mauritania,2008,Rice,2.7
Mauritania,2008,Rice,3.1
Mauritania,2008,Rice,4.4
Mauritania,2007,Rice,0.1
Mauritania,2007,Rice,1
Mauritania,2007,Rice,1.3
Mauritania,2007,Rice,2.5
Mauritania,2007,Rice,2.7
Mauritania,2007,Rice,3.1
Mauritania,2007,Rice,4.4
Mauritania,2006,Rice,0.1
Mauritania,2006,Rice,1
Mauritania,2006,Rice,1.3
Mauritania,2006,Rice,2.5
Mauritania,2006,Rice,2.7
Mauritania,2006,Rice,3.1
Mauritania,2006,Rice,4.4
Mexico,2015,Rice,0.47
Mexico,2013,Rice,46.87
Mexico,2011,Rice,1
Bangladesh,2012,Rice,0.04
Bangladesh,2012,Rice,0.04
Bangladesh,2012,Rice,0.04
Bangladesh,2012,Rice,0.04
Bangladesh,2012,Rice,0.04
Bangladesh,2012,Rice,0.04
Bangladesh,2012,Rice,0.04
Bangladesh,2012,Rice,0.05
Bangladesh,2012,Rice,0.04
Bangladesh,2012,Rice,0.04
Bangladesh,2012,Rice,0.04
Bangladesh,2012,Rice,0.04
Bangladesh,2012,Rice,0.04
Bangladesh,2012,Rice,0.03
Bangladesh,2012,Rice,0.04
Bangladesh,2012,Rice,0.04
Bangladesh,2012,Rice,0.03
Bangladesh,2010,Rice,0.4
Bangladesh,2010,Rice,0.13
Bangladesh,2010,Rice,0.06
Bangladesh,2010,Rice,0.11
Bangladesh,2010,Rice,0.16
Bangladesh,2010,Rice,0.41
Bangladesh,2010,Rice,0.14
Bangladesh,2010,Rice,0.06
Bangladesh,2010,Rice,0.1
Bangladesh,2010,Rice,0.15
Bangladesh,2010,Rice,0.14
Bangladesh,2010,Rice,0.14
Bangladesh,2010,Rice,10.74
Bangladesh,2010,Rice,9.16
Bangladesh,2010,Rice,1.3
Bangladesh,2010,Rice,0.17
Bangladesh,2010,Rice,11.59
Bangladesh,2010,Rice,10.17
Bangladesh,2010,Rice,1.13
Bangladesh,2010,Rice,0.19
Bangladesh,2010,Rice,11.71
Bangladesh,2010,Rice,10.1
Bangladesh,2010,Rice,1.3
Bangladesh,2010,Rice,0.18
Bangladesh,2009,Rice,0.03
Bangladesh,2009,Rice,0.05
Bangladesh,2009,Rice,0.01
Bangladesh,2009,Rice,0
Bangladesh,2009,Rice,0.02
Bangladesh,2009,Rice,0.04
Bangladesh,2009,Rice,0.02
Bangladesh,2009,Rice,0
Bangladesh,2009,Rice,0
Bangladesh,2009,Rice,0.02
Bangladesh,2009,Rice,0.02
Bangladesh,2009,Rice,0.02
Bangladesh,2009,Rice,0
Bangladesh,2009,Rice,0.02
Bangladesh,2009,Rice,0.02
Bangladesh,2009,Rice,0.02
Bangladesh,2009,Rice,0
Bangladesh,2009,Rice,0.03
Bangladesh,2009,Rice,0.05
Bangladesh,2009,Rice,0.01
Bangladesh,2009,Rice,0.15
Bangladesh,2009,Rice,0.14
Bangladesh,2009,Rice,0.15
Bangladesh,2009,Rice,0.03
Bangladesh,2009,Rice,0.02
Bangladesh,2009,Rice,0.03
Bangladesh,2009,Rice,0.04
Bangladesh,2009,Rice,0.01
Bangladesh,2009,Rice,0
Bangladesh,2009,Rice,0
Bangladesh,2009,Rice,0.02
Bangladesh,2009,Rice,0.03
Bangladesh,2009,Rice,0.05
Bangladesh,2009,Rice,0.02
Bangladesh,2009,Rice,0
Bangladesh,2009,Rice,0
Bangladesh,2009,Rice,0.02
Bangladesh,2009,Rice,0.12
Bangladesh,2009,Rice,0.13
Bangladesh,2009,Rice,0.01
Bangladesh,2009,Rice,0.01
Bangladesh,2009,Rice,0.01
Bangladesh,2009,Rice,0
Bangladesh,2009,Rice,0.03
Bangladesh,2009,Rice,0.06
Bangladesh,2009,Rice,0.02
Bangladesh,2009,Rice,0
Bangladesh,2009,Rice,0
Bangladesh,2009,Rice,0.02
Bangladesh,2009,Rice,0.01
Bangladesh,2009,Rice,0.01
Bangladesh,2009,Rice,0
Bangladesh,2009,Rice,0.03
Bangladesh,2009,Rice,0.06
Bangladesh,2009,Rice,0.02
Bangladesh,2009,Rice,0
Bangladesh,2009,Rice,0.13
Bangladesh,2009,Rice,0.02
Bangladesh,2009,Rice,0.01
Bangladesh,2009,Rice,0
Bangladesh,2009,Rice,0
Bangladesh,2009,Rice,0.11
Bangladesh,2009,Rice,0.12
Bangladesh,2009,Rice,0.02
Bangladesh,2009,Rice,0.01
Bangladesh,2009,Rice,0.01
Bangladesh,2009,Rice,0
Bangladesh,2009,Rice,0.04
Bangladesh,2009,Rice,0.02
Bangladesh,2009,Rice,0
Bangladesh,2009,Rice,0
Bangladesh,2009,Rice,0.02
Bangladesh,2009,Rice,0.01
Bangladesh,2009,Rice,0
Bangladesh,2009,Rice,0.03
Bangladesh,2009,Rice,0.05
Bangladesh,2009,Rice,0.01
Bangladesh,2009,Rice,0
Bangladesh,2009,Rice,0.12
Bangladesh,2009,Rice,0.07
Bangladesh,2009,Rice,0.01
Bangladesh,2009,Rice,0.01
Bangladesh,2009,Rice,0.01
Bangladesh,2009,Rice,0.02
Bangladesh,2009,Rice,0.03
Bangladesh,2009,Rice,0
Bangladesh,2009,Rice,0
Bangladesh,2009,Rice,0
Bangladesh,2009,Rice,0.01
Bangladesh,2009,Rice,0.01
Bangladesh,2009,Rice,0.01
Bangladesh,2009,Rice,0
Bangladesh,2009,Rice,0.02
Bangladesh,2009,Rice,0.03
Bangladesh,2009,Rice,0.07
Bangladesh,2009,Rice,0.06
Bangladesh,2009,Rice,0.01
Bangladesh,2009,Rice,0.01
Bangladesh,2009,Rice,0.01
Bangladesh,2009,Rice,0.01
Bangladesh,2009,Rice,0.02
Bangladesh,2009,Rice,0
Bangladesh,2009,Rice,0.02
Bangladesh,2009,Rice,0.01
Bangladesh,2009,Rice,0.01
Bangladesh,2009,Rice,0
Bangladesh,2009,Rice,0.02
Bangladesh,2009,Rice,0.04
Bangladesh,2009,Rice,0.01
Bangladesh,2009,Rice,0
Bangladesh,2009,Rice,0
Bangladesh,2009,Rice,0.11
Bangladesh,2009,Rice,0.12
Bangladesh,2009,Rice,0.02
Bangladesh,2009,Rice,0.01
Bangladesh,2009,Rice,0.01
Bangladesh,2009,Rice,0.02
Bangladesh,2009,Rice,0.04
Bangladesh,2009,Rice,0
Bangladesh,2009,Rice,0
Bangladesh,2009,Rice,0.02
Bangladesh,2009,Rice,0.01
Bangladesh,2009,Rice,0.02
Bangladesh,2009,Rice,0
Bangladesh,2009,Rice,0.02
Bangladesh,2009,Rice,0.03
Bangladesh,2009,Rice,0.01
Bangladesh,2009,Rice,0
Bangladesh,2009,Rice,0
Bangladesh,2009,Rice,0.12
Bangladesh,2009,Rice,4.5
Bangladesh,2009,Rice,4.4
Bangladesh,2009,Rice,4
Bangladesh,2009,Rice,3.6
Bangladesh,2009,Rice,3.9
Bangladesh,2009,Rice,3.3
Bangladesh,2009,Rice,3.5
Bangladesh,2009,Rice,3.3
Bangladesh,2009,Rice,3.1
Bangladesh,2009,Rice,3.3
Bangladesh,2009,Rice,6
Bangladesh,2009,Rice,5.3
Bangladesh,2009,Rice,5
Bangladesh,2009,Rice,5.1
Bangladesh,2009,Rice,5.2
Bangladesh,2009,Rice,5.6
Bangladesh,2009,Rice,3.8
Bangladesh,2009,Rice,3.3
Bangladesh,2009,Rice,3
Bangladesh,2009,Rice,3.6
Bangladesh,2009,Rice,3.9
Bangladesh,2009,Rice,4.1
Bangladesh,2009,Rice,4.9
Bangladesh,2009,Rice,4.4
Bangladesh,2009,Rice,4.4
Bangladesh,2009,Rice,3.4
Bangladesh,2009,Rice,3.1
Bangladesh,2009,Rice,3.6
Bangladesh,2009,Rice,2.8
Bangladesh,2009,Rice,3.2
Bangladesh,2009,Rice,4.5
Bangladesh,2009,Rice,3.9
Bangladesh,2009,Rice,4
Bangladesh,2009,Rice,3.3
Bangladesh,2009,Rice,4.3
Bangladesh,2009,Rice,3.8
Bangladesh,2009,Rice,4
Bangladesh,2009,Rice,3.4
Bangladesh,2009,Rice,3.8
Bangladesh,2009,Rice,3.2
Bangladesh,2009,Rice,5.1
Bangladesh,2009,Rice,3.3
Bangladesh,2009,Rice,4.5
Bangladesh,2009,Rice,3.2
Bangladesh,2009,Rice,4.3
Bangladesh,2009,Rice,3.9
Bangladesh,2009,Rice,3.5
Bangladesh,2009,Rice,3.4
Bangladesh,2009,Rice,3.4
Bangladesh,2009,Rice,5.9
Bangladesh,2009,Rice,3.8
Bangladesh,2009,Rice,3.5
Bangladesh,2009,Rice,2.6
Bangladesh,2009,Rice,3.7
Bangladesh,2009,Rice,4.7
Bangladesh,2009,Rice,4
Bangladesh,2009,Rice,4.2
Bangladesh,2009,Rice,3.9
Bangladesh,2009,Rice,4.1
Bangladesh,2009,Rice,3.3
Bangladesh,2009,Rice,5.2
Bangladesh,2009,Rice,4
Bangladesh,2009,Rice,4.5
Bangladesh,2009,Rice,3.5
Mozambique,2007,Rice,0.9
Mozambique,2007,Rice,1
Mozambique,2007,Rice,1.3
Mozambique,2007,Rice,2
Mozambique,2007,Rice,2.5
Mozambique,2007,Rice,2.9
Mozambique,2007,Rice,4.4
Mozambique,2006,Rice,0.9
Mozambique,2006,Rice,1
Mozambique,2006,Rice,1.3
Mozambique,2006,Rice,2
Mozambique,2006,Rice,2.5
Mozambique,2006,Rice,2.9
Mozambique,2006,Rice,4.4
Mozambique,2005,Rice,0.9
Mozambique,2005,Rice,1
Mozambique,2005,Rice,1.3
Mozambique,2005,Rice,2
Mozambique,2005,Rice,2.5
Mozambique,2005,Rice,2.9
Mozambique,2005,Rice,4.4
Mozambique,2004,Rice,0.9
Mozambique,2004,Rice,1
Mozambique,2004,Rice,1.3
Mozambique,2004,Rice,2
Mozambique,2004,Rice,2.5
Mozambique,2004,Rice,2.9
Mozambique,2004,Rice,4.4
Mozambique,2003,Rice,0.9
Mozambique,2003,Rice,1
Mozambique,2003,Rice,1.3
Mozambique,2003,Rice,2
Mozambique,2003,Rice,2.5
Mozambique,2003,Rice,2.9
Mozambique,2003,Rice,4.4
Nicaragua,2013,Rice,15
Niger,2013,Rice,0.1
Niger,2013,Rice,1
Niger,2013,Rice,1.3
Niger,2013,Rice,2.5
Niger,2013,Rice,2.7
Niger,2013,Rice,3.1
Niger,2013,Rice,4.4
Niger,2012,Rice,0.1
Niger,2012,Rice,1
Niger,2012,Rice,1.3
Niger,2012,Rice,2.5
Niger,2012,Rice,2.7
Niger,2012,Rice,3.1
Niger,2012,Rice,4.4
Niger,2011,Rice,0.1
Niger,2011,Rice,1
Niger,2011,Rice,1.3
Niger,2011,Rice,2.5
Niger,2011,Rice,2.7
Niger,2011,Rice,3.1
Niger,2011,Rice,4.4
Niger,2010,Rice,0.1
Niger,2010,Rice,1
Niger,2010,Rice,1.3
Niger,2010,Rice,2.5
Niger,2010,Rice,2.7
Niger,2010,Rice,3.1
Niger,2010,Rice,4.4
Niger,2009,Rice,0.1
Niger,2009,Rice,1
Niger,2009,Rice,1.3
Niger,2009,Rice,2.5
Niger,2009,Rice,2.7
Niger,2009,Rice,3.1
Niger,2009,Rice,4.4
Niger,2008,Rice,0.1
Niger,2008,Rice,1
Niger,2008,Rice,1.3
Niger,2008,Rice,2.5
Niger,2008,Rice,2.7
Niger,2008,Rice,3.1
Niger,2008,Rice,4.4
Nigeria,2014,Rice,0.12
Nigeria,2014,Rice,0.34
Nigeria,2014,Rice,1.53
Nigeria,2014,Rice,4.43
Nigeria,2014,Rice,4.97
Nigeria,2014,Rice,0.4
Nigeria,2014,Rice,0.52
Nigeria,2014,Rice,0.75
Nigeria,2014,Rice,0.87
Nigeria,2014,Rice,1.07
Nigeria,2014,Rice,1.14
Nigeria,2014,Rice,1.16
Nigeria,2014,Rice,2.27
Nigeria,2014,Rice,2.37
Nigeria,2014,Rice,2.98
Nigeria,2014,Rice,3.6
Nigeria,2013,Rice,0.5
Nigeria,2013,Rice,1
Nigeria,2013,Rice,1.3
Nigeria,2013,Rice,2.5
Nigeria,2013,Rice,2.7
Nigeria,2013,Rice,3.1
Nigeria,2013,Rice,4.4
Nigeria,2012,Rice,0.7
Nigeria,2012,Rice,1
Nigeria,2012,Rice,1.3
Nigeria,2012,Rice,2.5
Nigeria,2012,Rice,2.7
Nigeria,2012,Rice,3.1
Nigeria,2012,Rice,4.4
Nigeria,2011,Rice,0.6
Nigeria,2011,Rice,1
Nigeria,2011,Rice,1.3
Nigeria,2011,Rice,2.5
Nigeria,2011,Rice,2.7
Nigeria,2011,Rice,3.1
Nigeria,2011,Rice,4.4
Nigeria,2010,Rice,2.5
Nigeria,2010,Rice,0.6
Nigeria,2010,Rice,1
Nigeria,2010,Rice,1.3
Nigeria,2010,Rice,2.7
Nigeria,2010,Rice,3.1
Nigeria,2010,Rice,4.4
Nigeria,2009,Rice,0.7
Nigeria,2009,Rice,1
Nigeria,2009,Rice,1.3
Nigeria,2009,Rice,2.5
Nigeria,2009,Rice,2.7
Nigeria,2009,Rice,3.1
Nigeria,2009,Rice,4.4
Nigeria,2008,Rice,0.7
Nigeria,2008,Rice,1
Nigeria,2008,Rice,1.3
Nigeria,2008,Rice,2.5
Nigeria,2008,Rice,2.7
Nigeria,2008,Rice,3.1
Nigeria,2008,Rice,4.4
Nigeria,2006,Rice,0.8
Nigeria,2006,Rice,1
Nigeria,2006,Rice,1.3
Nigeria,2006,Rice,2.5
Nigeria,2006,Rice,2.7
Nigeria,2006,Rice,3.1
Nigeria,2006,Rice,4.4
Nigeria,2005,Rice,2.5
Nigeria,2005,Rice,0.8
Nigeria,2005,Rice,1
Nigeria,2005,Rice,1.3
Nigeria,2005,Rice,2.7
Nigeria,2005,Rice,3.1
Nigeria,2005,Rice,4.4
Nigeria,2004,Rice,0.8
Nigeria,2004,Rice,1
Nigeria,2004,Rice,1.3
Nigeria,2004,Rice,2.5
Nigeria,2004,Rice,2.7
Nigeria,2004,Rice,3.1
Nigeria,2004,Rice,4.4
Nigeria,2003,Rice,0.9
Nigeria,2003,Rice,1
Nigeria,2003,Rice,1.3
Nigeria,2003,Rice,2.5
Nigeria,2003,Rice,2.7
Nigeria,2003,Rice,3.1
Nigeria,2003,Rice,4.4
Philippines,2014,Rice,0.12
Rwanda,2013,Rice,8.3
Rwanda,2012,Rice,1
Rwanda,2012,Rice,1
Rwanda,2012,Rice,1.3
Rwanda,2012,Rice,2.5
Rwanda,2012,Rice,2.7
Rwanda,2012,Rice,3.1
Rwanda,2012,Rice,7.8
Rwanda,2012,Rice,15
Rwanda,2011,Rice,0.9
Rwanda,2011,Rice,1
Rwanda,2011,Rice,1.3
Rwanda,2011,Rice,2.5
Rwanda,2011,Rice,2.7
Rwanda,2011,Rice,3.1
Rwanda,2011,Rice,7
Rwanda,2011,Rice,15.7
Rwanda,2010,Rice,1
Rwanda,2010,Rice,1
Rwanda,2010,Rice,1.3
Rwanda,2010,Rice,2.5
Rwanda,2010,Rice,2.7
Rwanda,2010,Rice,3.1
Rwanda,2010,Rice,4.4
Rwanda,2009,Rice,1
Rwanda,2009,Rice,1
Rwanda,2009,Rice,1.3
Rwanda,2009,Rice,2.5
Rwanda,2009,Rice,2.7
Rwanda,2009,Rice,3.1
Rwanda,2009,Rice,4.4
Rwanda,2008,Rice,1
Rwanda,2008,Rice,1
Rwanda,2008,Rice,1.3
Rwanda,2008,Rice,2.5
Rwanda,2008,Rice,2.7
Rwanda,2008,Rice,3.1
Rwanda,2008,Rice,4.4
Rwanda,2007,Rice,0.6
Rwanda,2007,Rice,1
Rwanda,2007,Rice,1.3
Rwanda,2007,Rice,2.5
Rwanda,2007,Rice,2.7
Rwanda,2007,Rice,3.1
Rwanda,2007,Rice,4.4
Bolivia (Plurinational State of),2007,Rice,2
Bolivia (Plurinational State of),2007,Rice,5
Bolivia (Plurinational State of),2007,Rice,7
Senegal,2015,Rice,0.5
Senegal,2015,Rice,1
Senegal,2015,Rice,1.3
Senegal,2015,Rice,2.5
Senegal,2015,Rice,2.7
Senegal,2015,Rice,3.1
Senegal,2015,Rice,4.4
Senegal,2014,Rice,0.5
Senegal,2014,Rice,1
Senegal,2014,Rice,1.3
Senegal,2014,Rice,2.5
Senegal,2014,Rice,2.7
Senegal,2014,Rice,3.1
Senegal,2014,Rice,4.4
Senegal,2013,Rice,0.5
Senegal,2013,Rice,1
Senegal,2013,Rice,1.3
Senegal,2013,Rice,2.5
Senegal,2013,Rice,2.7
Senegal,2013,Rice,3.1
Senegal,2013,Rice,4.4
Senegal,2012,Rice,0.5
Senegal,2012,Rice,1
Senegal,2012,Rice,1.3
Senegal,2012,Rice,2.5
Senegal,2012,Rice,2.7
Senegal,2012,Rice,3.1
Senegal,2012,Rice,7.6
Senegal,2011,Rice,0.5
Senegal,2011,Rice,1
Senegal,2011,Rice,1.3
Senegal,2011,Rice,2.5
Senegal,2011,Rice,2.7
Senegal,2011,Rice,3.1
Senegal,2011,Rice,4.4
Senegal,2010,Rice,0.5
Senegal,2010,Rice,1
Senegal,2010,Rice,1.3
Senegal,2010,Rice,2.5
Senegal,2010,Rice,2.7
Senegal,2010,Rice,3.1
Senegal,2010,Rice,4.4
Senegal,2009,Rice,0.5
Senegal,2009,Rice,1
Senegal,2009,Rice,1.3
Senegal,2009,Rice,2.5
Senegal,2009,Rice,2.7
Senegal,2009,Rice,3.1
Senegal,2009,Rice,4.4
Senegal,2008,Rice,0.5
Senegal,2008,Rice,1
Senegal,2008,Rice,1.3
Senegal,2008,Rice,2.5
Senegal,2008,Rice,2.7
Senegal,2008,Rice,3.1
Senegal,2008,Rice,5.6
Senegal,2007,Rice,0.6
Senegal,2007,Rice,1
Senegal,2007,Rice,1.3
Senegal,2007,Rice,2.5
Senegal,2007,Rice,2.7
Senegal,2007,Rice,3.1
Senegal,2007,Rice,4.4
Senegal,2006,Rice,0.6
Senegal,2006,Rice,1
Senegal,2006,Rice,1.3
Senegal,2006,Rice,2.5
Senegal,2006,Rice,2.7
Senegal,2006,Rice,3.1
Senegal,2006,Rice,4.4
Senegal,2005,Rice,1
Senegal,2005,Rice,0.6
Senegal,2005,Rice,1.3
Senegal,2005,Rice,2.5
Senegal,2005,Rice,2.7
Senegal,2005,Rice,3.1
Senegal,2005,Rice,4.4
Sierra Leone,2012,Rice,0.5
Sierra Leone,2012,Rice,1
Sierra Leone,2012,Rice,1.3
Sierra Leone,2012,Rice,2.5
Sierra Leone,2012,Rice,2.7
Sierra Leone,2012,Rice,3.1
Sierra Leone,2012,Rice,13.3
Sierra Leone,2011,Rice,0.5
Sierra Leone,2011,Rice,1
Sierra Leone,2011,Rice,1.3
Sierra Leone,2011,Rice,2.5
Sierra Leone,2011,Rice,2.7
Sierra Leone,2011,Rice,3.1
Sierra Leone,2011,Rice,7.4
Sierra Leone,2010,Rice,0.5
Sierra Leone,2010,Rice,1
Sierra Leone,2010,Rice,1.3
Sierra Leone,2010,Rice,2.5
Sierra Leone,2010,Rice,2.7
Sierra Leone,2010,Rice,3.1
Sierra Leone,2010,Rice,13.3
Sierra Leone,2009,Rice,0.5
Sierra Leone,2009,Rice,1
Sierra Leone,2009,Rice,1.3
Sierra Leone,2009,Rice,2.5
Sierra Leone,2009,Rice,2.7
Sierra Leone,2009,Rice,3.1
Sierra Leone,2009,Rice,7.4
Sierra Leone,2008,Rice,0.5
Sierra Leone,2008,Rice,1
Sierra Leone,2008,Rice,1.3
Sierra Leone,2008,Rice,2.5
Sierra Leone,2008,Rice,2.7
Sierra Leone,2008,Rice,3.1
Sierra Leone,2008,Rice,7.4
Sierra Leone,2007,Rice,0.5
Sierra Leone,2007,Rice,1
Sierra Leone,2007,Rice,1.3
Sierra Leone,2007,Rice,2.5
Sierra Leone,2007,Rice,2.7
Sierra Leone,2007,Rice,3.1
Sierra Leone,2007,Rice,10.4
Sierra Leone,2006,Rice,0.5
Sierra Leone,2006,Rice,1
Sierra Leone,2006,Rice,1.3
Sierra Leone,2006,Rice,2.5
Sierra Leone,2006,Rice,2.7
Sierra Leone,2006,Rice,3.1
Sierra Leone,2006,Rice,10.4
Sierra Leone,2005,Rice,0.5
Sierra Leone,2005,Rice,1
Sierra Leone,2005,Rice,1.3
Sierra Leone,2005,Rice,2.5
Sierra Leone,2005,Rice,2.7
Sierra Leone,2005,Rice,3.1
Sierra Leone,2005,Rice,5
Sierra Leone,2005,Rice,6.2
Sierra Leone,2005,Rice,6.6
Sierra Leone,2005,Rice,7
Sierra Leone,2005,Rice,7.4
Sierra Leone,2005,Rice,8
Sierra Leone,2004,Rice,0.5
Sierra Leone,2004,Rice,1
Sierra Leone,2004,Rice,1.3
Sierra Leone,2004,Rice,2.5
Sierra Leone,2004,Rice,2.7
Sierra Leone,2004,Rice,3.1
Sierra Leone,2004,Rice,7.4
Sierra Leone,2003,Rice,0.5
Sierra Leone,2003,Rice,1
Sierra Leone,2003,Rice,1.3
Sierra Leone,2003,Rice,2.5
Sierra Leone,2003,Rice,2.7
Sierra Leone,2003,Rice,3.1
Sierra Leone,2003,Rice,7.4
Viet Nam,2015,Rice,7.5
Viet Nam,2010,Rice,7
Somalia,2012,Rice,0.1
Somalia,2012,Rice,1
Somalia,2012,Rice,1.3
Somalia,2012,Rice,2.5
Somalia,2012,Rice,2.7
Somalia,2012,Rice,3.1
Somalia,2012,Rice,4.4
Somalia,2011,Rice,0.1
Somalia,2011,Rice,1
Somalia,2011,Rice,1.3
Somalia,2011,Rice,2.5
Somalia,2011,Rice,2.7
Somalia,2011,Rice,3.1
Somalia,2011,Rice,4.4
Somalia,2010,Rice,0.1
Somalia,2010,Rice,1
Somalia,2010,Rice,1.3
Somalia,2010,Rice,2.5
Somalia,2010,Rice,2.7
Somalia,2010,Rice,3.1
Somalia,2010,Rice,4.4
Somalia,2009,Rice,0.1
Somalia,2009,Rice,1
Somalia,2009,Rice,1.3
Somalia,2009,Rice,2.5
Somalia,2009,Rice,2.7
Somalia,2009,Rice,3.1
Somalia,2009,Rice,4.4
Somalia,2008,Rice,0.1
Somalia,2008,Rice,1
Somalia,2008,Rice,1.3
Somalia,2008,Rice,2.5
Somalia,2008,Rice,2.7
Somalia,2008,Rice,3.1
Somalia,2008,Rice,4.4
Thailand,2007,Rice,10
Togo,2015,Rice,1
Togo,2015,Rice,1.2
Togo,2015,Rice,1.3
Togo,2015,Rice,2.5
Togo,2015,Rice,2.7
Togo,2015,Rice,3.1
Togo,2015,Rice,4.4
Togo,2014,Rice,1
Togo,2014,Rice,1.2
Togo,2014,Rice,1.3
Togo,2014,Rice,2.5
Togo,2014,Rice,2.7
Togo,2014,Rice,3.1
Togo,2014,Rice,4.4
Togo,2013,Rice,1
Togo,2013,Rice,1.2
Togo,2013,Rice,1.3
Togo,2013,Rice,2.5
Togo,2013,Rice,2.7
Togo,2013,Rice,3.1
Togo,2013,Rice,4.4
Togo,2012,Rice,1
Togo,2012,Rice,1.2
Togo,2012,Rice,1.3
Togo,2012,Rice,2.5
Togo,2012,Rice,2.7
Togo,2012,Rice,3.1
Togo,2012,Rice,16.3
Togo,2011,Rice,1
Togo,2011,Rice,1.2
Togo,2011,Rice,1.3
Togo,2011,Rice,2.5
Togo,2011,Rice,2.7
Togo,2011,Rice,3.1
Togo,2011,Rice,16.3
Togo,2010,Rice,1
Togo,2010,Rice,1.2
Togo,2010,Rice,1.3
Togo,2010,Rice,2.5
Togo,2010,Rice,2.7
Togo,2010,Rice,3.1
Togo,2010,Rice,16.3
Togo,2009,Rice,1
Togo,2009,Rice,1.2
Togo,2009,Rice,1.3
Togo,2009,Rice,2.5
Togo,2009,Rice,2.7
Togo,2009,Rice,3.1
Togo,2009,Rice,16.3
Togo,2008,Rice,1
Togo,2008,Rice,1.2
Togo,2008,Rice,1.3
Togo,2008,Rice,2.5
Togo,2008,Rice,2.7
Togo,2008,Rice,3.1
Togo,2008,Rice,16.3
Togo,2007,Rice,1
Togo,2007,Rice,1.2
Togo,2007,Rice,1.3
Togo,2007,Rice,2.5
Togo,2007,Rice,2.7
Togo,2007,Rice,3.1
Togo,2007,Rice,4.4
Togo,2006,Rice,1
Togo,2006,Rice,1.2
Togo,2006,Rice,1.3
Togo,2006,Rice,2.5
Togo,2006,Rice,2.7
Togo,2006,Rice,3.1
Togo,2006,Rice,4.4
Togo,2005,Rice,1
Togo,2005,Rice,1.2
Togo,2005,Rice,1.3
Togo,2005,Rice,2.5
Togo,2005,Rice,2.7
Togo,2005,Rice,3.1
Togo,2005,Rice,4.4
Togo,2004,Rice,1
Togo,2004,Rice,1.2
Togo,2004,Rice,1.3
Togo,2004,Rice,2.5
Togo,2004,Rice,2.7
Togo,2004,Rice,3.1
Togo,2004,Rice,4.4
Togo,2003,Rice,1
Togo,2003,Rice,1.2
Togo,2003,Rice,1.3
Togo,2003,Rice,2.5
Togo,2003,Rice,2.7
Togo,2003,Rice,3.1
Togo,2003,Rice,4.4
Turkey,2016,Rice,0
Turkey,2015,Rice,0
Turkey,2014,Rice,0
Turkey,2013,Rice,0
Turkey,2012,Rice,0
Turkey,2011,Rice,0
Turkey,2010,Rice,0
Turkey,2009,Rice,0
Turkey,2008,Rice,0
Turkey,2007,Rice,0
Turkey,2006,Rice,0
Turkey,2005,Rice,0
Turkey,2004,Rice,0
Turkey,2003,Rice,0
Turkey,2002,Rice,0
Turkey,2001,Rice,0
Turkey,2000,Rice,0
Uganda,2015,Rice,0.5
Uganda,2015,Rice,1
Uganda,2015,Rice,1.3
Uganda,2015,Rice,2.5
Uganda,2015,Rice,2.7
Uganda,2015,Rice,3.1
Uganda,2015,Rice,4.4
Uganda,2014,Rice,0.5
Uganda,2014,Rice,1
Uganda,2014,Rice,1.3
Uganda,2014,Rice,2.5
Uganda,2014,Rice,2.7
Uganda,2014,Rice,3.1
Uganda,2014,Rice,4.4
Uganda,2013,Rice,0.5
Uganda,2013,Rice,1
Uganda,2013,Rice,1.3
Uganda,2013,Rice,2.5
Uganda,2013,Rice,2.7
Uganda,2013,Rice,3.1
Uganda,2013,Rice,4.4
Uganda,2012,Rice,0.5
Uganda,2012,Rice,1
Uganda,2012,Rice,1.3
Uganda,2012,Rice,2.5
Uganda,2012,Rice,2.7
Uganda,2012,Rice,3.1
Uganda,2012,Rice,10.4
Uganda,2011,Rice,0.5
Uganda,2011,Rice,1
Uganda,2011,Rice,1.3
Uganda,2011,Rice,2.5
Uganda,2011,Rice,2.7
Uganda,2011,Rice,3.1
Uganda,2011,Rice,7.4
Uganda,2010,Rice,0.5
Uganda,2010,Rice,1
Uganda,2010,Rice,1.3
Uganda,2010,Rice,2.5
Uganda,2010,Rice,2.7
Uganda,2010,Rice,3.1
Uganda,2010,Rice,7.4
Uganda,2009,Rice,0.5
Uganda,2009,Rice,1
Uganda,2009,Rice,1.3
Uganda,2009,Rice,2.5
Uganda,2009,Rice,2.7
Uganda,2009,Rice,3.1
Uganda,2009,Rice,13.3
Uganda,2008,Rice,0.5
Uganda,2008,Rice,1
Uganda,2008,Rice,1.3
Uganda,2008,Rice,2.5
Uganda,2008,Rice,2.7
Uganda,2008,Rice,3.1
Uganda,2008,Rice,7.4
United Republic of Tanzania,2013,Rice,3.5
United Republic of Tanzania,2012,Rice,1
United Republic of Tanzania,2012,Rice,1
United Republic of Tanzania,2012,Rice,1.3
United Republic of Tanzania,2012,Rice,2.5
United Republic of Tanzania,2012,Rice,2.7
United Republic of Tanzania,2012,Rice,3.1
United Republic of Tanzania,2012,Rice,4.4
United Republic of Tanzania,2011,Rice,2.5
United Republic of Tanzania,2011,Rice,1
United Republic of Tanzania,2011,Rice,1
United Republic of Tanzania,2011,Rice,1.3
United Republic of Tanzania,2011,Rice,2.7
United Republic of Tanzania,2011,Rice,3.1
United Republic of Tanzania,2011,Rice,4.4
United Republic of Tanzania,2010,Rice,1
United Republic of Tanzania,2010,Rice,1
United Republic of Tanzania,2010,Rice,1.3
United Republic of Tanzania,2010,Rice,2.5
United Republic of Tanzania,2010,Rice,2.7
United Republic of Tanzania,2010,Rice,3.1
United Republic of Tanzania,2010,Rice,4.4
United Republic of Tanzania,2009,Rice,1
United Republic of Tanzania,2009,Rice,1
United Republic of Tanzania,2009,Rice,1.3
United Republic of Tanzania,2009,Rice,2.5
United Republic of Tanzania,2009,Rice,2.7
United Republic of Tanzania,2009,Rice,3.1
United Republic of Tanzania,2009,Rice,4.4
United Republic of Tanzania,2008,Rice,1
United Republic of Tanzania,2008,Rice,1
United Republic of Tanzania,2008,Rice,1.3
United Republic of Tanzania,2008,Rice,2.5
United Republic of Tanzania,2008,Rice,2.7
United Republic of Tanzania,2008,Rice,3.1
United Republic of Tanzania,2008,Rice,4.4
United Republic of Tanzania,2007,Rice,1
United Republic of Tanzania,2007,Rice,1
United Republic of Tanzania,2007,Rice,1.3
United Republic of Tanzania,2007,Rice,2.5
United Republic of Tanzania,2007,Rice,2.7
United Republic of Tanzania,2007,Rice,3.1
United Republic of Tanzania,2007,Rice,4.4
United Republic of Tanzania,2006,Rice,1
United Republic of Tanzania,2006,Rice,1
United Republic of Tanzania,2006,Rice,1.3
United Republic of Tanzania,2006,Rice,2.5
United Republic of Tanzania,2006,Rice,2.7
United Republic of Tanzania,2006,Rice,3.1
United Republic of Tanzania,2006,Rice,4.4
United Republic of Tanzania,2005,Rice,1
United Republic of Tanzania,2005,Rice,1
United Republic of Tanzania,2005,Rice,1.3
United Republic of Tanzania,2005,Rice,2.5
United Republic of Tanzania,2005,Rice,2.7
United Republic of Tanzania,2005,Rice,3.1
United Republic of Tanzania,2005,Rice,4.4
United Republic of Tanzania,2004,Rice,1
United Republic of Tanzania,2004,Rice,1
United Republic of Tanzania,2004,Rice,1.3
United Republic of Tanzania,2004,Rice,2.5
United Republic of Tanzania,2004,Rice,2.7
United Republic of Tanzania,2004,Rice,3.1
United Republic of Tanzania,2004,Rice,4.4
United Republic of Tanzania,2003,Rice,1
United Republic of Tanzania,2003,Rice,1
United Republic of Tanzania,2003,Rice,1.3
United Republic of Tanzania,2003,Rice,2.5
United Republic of Tanzania,2003,Rice,2.7
United Republic of Tanzania,2003,Rice,3.1
United Republic of Tanzania,2003,Rice,4.4
Burkina Faso,2015,Rice,2.5
Burkina Faso,2015,Rice,0.5
Burkina Faso,2015,Rice,1
Burkina Faso,2015,Rice,1.3
Burkina Faso,2015,Rice,2.7
Burkina Faso,2015,Rice,3.1
Burkina Faso,2015,Rice,4.4
Burkina Faso,2014,Rice,2.5
Burkina Faso,2014,Rice,0.5
Burkina Faso,2014,Rice,1
Burkina Faso,2014,Rice,1.3
Burkina Faso,2014,Rice,2.7
Burkina Faso,2014,Rice,3.1
Burkina Faso,2014,Rice,4.4
Burkina Faso,2013,Rice,0.5
Burkina Faso,2013,Rice,1
Burkina Faso,2013,Rice,1.3
Burkina Faso,2013,Rice,2.5
Burkina Faso,2013,Rice,2.7
Burkina Faso,2013,Rice,3.1
Burkina Faso,2013,Rice,4.4
Burkina Faso,2012,Rice,0.5
Burkina Faso,2012,Rice,1
Burkina Faso,2012,Rice,1.3
Burkina Faso,2012,Rice,2.5
Burkina Faso,2012,Rice,2.7
Burkina Faso,2012,Rice,3.1
Burkina Faso,2012,Rice,4.4
Burkina Faso,2011,Rice,2.5
Burkina Faso,2011,Rice,0.5
Burkina Faso,2011,Rice,1
Burkina Faso,2011,Rice,1.3
Burkina Faso,2011,Rice,2.7
Burkina Faso,2011,Rice,3.1
Burkina Faso,2011,Rice,4.4
Burkina Faso,2010,Rice,0.5
Burkina Faso,2010,Rice,1
Burkina Faso,2010,Rice,1.3
Burkina Faso,2010,Rice,2.5
Burkina Faso,2010,Rice,2.7
Burkina Faso,2010,Rice,3.1
Burkina Faso,2010,Rice,4.4
Burkina Faso,2009,Rice,0.5
Burkina Faso,2009,Rice,1
Burkina Faso,2009,Rice,1.3
Burkina Faso,2009,Rice,2.5
Burkina Faso,2009,Rice,2.7
Burkina Faso,2009,Rice,3.1
Burkina Faso,2009,Rice,4.4
Burkina Faso,2008,Rice,0.5
Burkina Faso,2008,Rice,1
Burkina Faso,2008,Rice,1.3
Burkina Faso,2008,Rice,2.5
Burkina Faso,2008,Rice,2.7
Burkina Faso,2008,Rice,3.1
Burkina Faso,2008,Rice,4.4
Bulgaria,2000,Wheat,1.8
Bulgaria,2000,Wheat,1.8
Burundi,2011,Wheat,2.5
Burundi,2011,Wheat,2.7
Burundi,2011,Wheat,3.5
Burundi,2011,Wheat,4.4
Burundi,2011,Wheat,4.9
Burundi,2011,Wheat,1
Burundi,2011,Wheat,2.5
Burundi,2011,Wheat,4.9
Burundi,2010,Wheat,2.5
Burundi,2010,Wheat,2.7
Burundi,2010,Wheat,3.5
Burundi,2010,Wheat,4.4
Burundi,2010,Wheat,4.9
Burundi,2010,Wheat,1
Burundi,2010,Wheat,2.5
Burundi,2010,Wheat,4.9
Burundi,2009,Wheat,2.5
Burundi,2009,Wheat,2.7
Burundi,2009,Wheat,3.5
Burundi,2009,Wheat,4.4
Burundi,2009,Wheat,4.9
Burundi,2009,Wheat,1
Burundi,2009,Wheat,2.5
Burundi,2009,Wheat,4.9
Burundi,2008,Wheat,2.5
Burundi,2008,Wheat,2.7
Burundi,2008,Wheat,3.5
Burundi,2008,Wheat,4.4
Burundi,2008,Wheat,4.9
Burundi,2008,Wheat,1
Burundi,2008,Wheat,2.5
Burundi,2008,Wheat,4.9
Burundi,2007,Wheat,2.5
Burundi,2007,Wheat,2.7
Burundi,2007,Wheat,3.5
Burundi,2007,Wheat,4.4
Burundi,2007,Wheat,4.9
Burundi,2007,Wheat,1
Burundi,2007,Wheat,2.5
Burundi,2007,Wheat,4.9
Burundi,2006,Wheat,2.5
Burundi,2006,Wheat,2.5
Burundi,2006,Wheat,2.7
Burundi,2006,Wheat,3.5
Burundi,2006,Wheat,4.4
Burundi,2006,Wheat,4.9
Burundi,2006,Wheat,1
Burundi,2006,Wheat,4.9
Burundi,2005,Wheat,2.5
Burundi,2005,Wheat,2.7
Burundi,2005,Wheat,3.5
Burundi,2005,Wheat,4.4
Burundi,2005,Wheat,4.9
Burundi,2005,Wheat,1
Burundi,2005,Wheat,2.5
Burundi,2005,Wheat,4.9
Burundi,2003,Wheat,2.5
Burundi,2003,Wheat,2.7
Burundi,2003,Wheat,3.5
Burundi,2003,Wheat,4.4
Burundi,2003,Wheat,4.9
Burundi,2003,Wheat,1
Burundi,2003,Wheat,2.5
Burundi,2003,Wheat,4.9
Chad,2012,Wheat,2.5
Chad,2012,Wheat,2.7
Chad,2012,Wheat,3.1
Chad,2012,Wheat,3.5
Chad,2012,Wheat,4.4
Chad,2012,Wheat,1
Chad,2012,Wheat,2.5
Chad,2012,Wheat,3.1
China,2013,Wheat,0.05
China,2011,Wheat,4.7
China,2011,Wheat,4.7
Denmark,2017,Wheat,0.05
Denmark,2011,Wheat,3
Denmark,2010,Wheat,3
Denmark,2009,Wheat,3
Denmark,2009,Wheat,3
Denmark,2008,Wheat,3
Denmark,2007,Wheat,2.99
Denmark,2006,Wheat,2.99
Denmark,2005,Wheat,2.99
Denmark,2004,Wheat,2.99
Denmark,2003,Wheat,3.01
Denmark,2002,Wheat,2.94
Denmark,2002,Wheat,3.01
Denmark,2001,Wheat,3
Denmark,2000,Wheat,2.98
Ecuador,2003,Wheat,5.69
Ecuador,2002,Wheat,7.91
Ecuador,2001,Wheat,5.19
Ethiopia,2013,Wheat,2.5
Ethiopia,2013,Wheat,2.7
Ethiopia,2013,Wheat,3.5
Ethiopia,2013,Wheat,4.4
Ethiopia,2013,Wheat,4.8
Ethiopia,2013,Wheat,1
Ethiopia,2013,Wheat,2.5
Ethiopia,2013,Wheat,4.8
Ethiopia,2012,Wheat,2.5
Ethiopia,2012,Wheat,2.7
Ethiopia,2012,Wheat,3.5
Ethiopia,2012,Wheat,4.4
Ethiopia,2012,Wheat,4.7
Ethiopia,2012,Wheat,1
Ethiopia,2012,Wheat,2.5
Ethiopia,2012,Wheat,4.7
Ethiopia,2011,Wheat,2.5
Ethiopia,2011,Wheat,2.7
Ethiopia,2011,Wheat,3.5
Ethiopia,2011,Wheat,4.4
Ethiopia,2011,Wheat,4.8
Ethiopia,2011,Wheat,1
Ethiopia,2011,Wheat,2.5
Ethiopia,2011,Wheat,4.8
Ethiopia,2010,Wheat,2.5
Ethiopia,2010,Wheat,2.7
Ethiopia,2010,Wheat,3.5
Ethiopia,2010,Wheat,4.4
Ethiopia,2010,Wheat,4.8
Ethiopia,2010,Wheat,1
Ethiopia,2010,Wheat,2.5
Ethiopia,2010,Wheat,4.8
Ethiopia,2010,Wheat,0.02
Ethiopia,2009,Wheat,2.5
Ethiopia,2009,Wheat,2.7
Ethiopia,2009,Wheat,3.5
Ethiopia,2009,Wheat,4.4
Ethiopia,2009,Wheat,4.9
Ethiopia,2009,Wheat,1
Ethiopia,2009,Wheat,2.5
Ethiopia,2009,Wheat,4.9
Ethiopia,2008,Wheat,2.5
Ethiopia,2008,Wheat,2.7
Ethiopia,2008,Wheat,3.5
Ethiopia,2008,Wheat,4.4
Ethiopia,2008,Wheat,4.8
Ethiopia,2008,Wheat,1
Ethiopia,2008,Wheat,2.5
Ethiopia,2008,Wheat,4.8
Ethiopia,2007,Wheat,2.5
Ethiopia,2007,Wheat,2.5
Ethiopia,2007,Wheat,2.7
Ethiopia,2007,Wheat,3.5
Ethiopia,2007,Wheat,4.3
Ethiopia,2007,Wheat,4.4
Ethiopia,2007,Wheat,1
Ethiopia,2007,Wheat,4.3
Ethiopia,2006,Wheat,2.5
Ethiopia,2006,Wheat,2.7
Ethiopia,2006,Wheat,3.5
Ethiopia,2006,Wheat,4.4
Ethiopia,2006,Wheat,4.6
Ethiopia,2006,Wheat,1
Ethiopia,2006,Wheat,2.5
Ethiopia,2006,Wheat,4.6
Ethiopia,2005,Wheat,2.5
Ethiopia,2005,Wheat,2.7
Ethiopia,2005,Wheat,3.5
Ethiopia,2005,Wheat,4.4
Ethiopia,2005,Wheat,4.6
Ethiopia,2005,Wheat,1
Ethiopia,2005,Wheat,2.5
Ethiopia,2005,Wheat,4.6
Eritrea,2007,Wheat,2.5
Eritrea,2007,Wheat,2.7
Eritrea,2007,Wheat,3.1
Eritrea,2007,Wheat,3.5
Eritrea,2007,Wheat,4.4
Eritrea,2007,Wheat,1
Eritrea,2007,Wheat,2.5
Eritrea,2007,Wheat,3.1
Eritrea,2006,Wheat,2.5
Eritrea,2006,Wheat,2.7
Eritrea,2006,Wheat,3.1
Eritrea,2006,Wheat,3.5
Eritrea,2006,Wheat,4.4
Eritrea,2006,Wheat,1
Eritrea,2006,Wheat,2.5
Eritrea,2006,Wheat,3.1
Eritrea,2005,Wheat,2.5
Eritrea,2005,Wheat,2.7
Eritrea,2005,Wheat,3.1
Eritrea,2005,Wheat,3.5
Eritrea,2005,Wheat,4.4
Eritrea,2005,Wheat,1
Eritrea,2005,Wheat,2.5
Eritrea,2005,Wheat,3.1
Eritrea,2004,Wheat,2.5
Eritrea,2004,Wheat,2.7
Eritrea,2004,Wheat,3.1
Eritrea,2004,Wheat,3.5
Eritrea,2004,Wheat,4.4
Eritrea,2004,Wheat,1
Eritrea,2004,Wheat,2.5
Eritrea,2004,Wheat,3.1
Eritrea,2003,Wheat,2.5
Eritrea,2003,Wheat,2.7
Eritrea,2003,Wheat,3.1
Eritrea,2003,Wheat,3.5
Eritrea,2003,Wheat,4.4
Eritrea,2003,Wheat,1
Eritrea,2003,Wheat,2.5
Eritrea,2003,Wheat,3.1
Georgia,2015,Wheat,11.24
Georgia,2013,Wheat,16.05
Georgia,2012,Wheat,17.35
Georgia,2011,Wheat,10.33
Georgia,2010,Wheat,24.79
Georgia,2009,Wheat,18.55
Georgia,2008,Wheat,31.13
Georgia,2007,Wheat,40.05
Georgia,2006,Wheat,44.48
Georgia,2004,Wheat,16.14
Georgia,2004,Wheat,16.14
Georgia,2003,Wheat,17.3
Georgia,2002,Wheat,7.51
Georgia,2002,Wheat,19.03
Georgia,2002,Wheat,7.51
Georgia,2001,Wheat,13.05
Georgia,2001,Wheat,13.05
Georgia,2000,Wheat,38.03
Georgia,2000,Wheat,38.59
Georgia,2000,Wheat,38.03
Georgia,2000,Wheat,38.59
Germany,2015,Wheat,2.69
Germany,2014,Wheat,2.58
Germany,2013,Wheat,2.63
Germany,2011,Wheat,2.7
Germany,2010,Wheat,2.65
Germany,2009,Wheat,2.6
Germany,2008,Wheat,2.35
Germany,2006,Wheat,2.44
Germany,2006,Wheat,2.44
Germany,2005,Wheat,2.43
Germany,2005,Wheat,2.44
Germany,2004,Wheat,2.4
Germany,2003,Wheat,2.48
Azerbaijan,2015,Wheat,11.55
Azerbaijan,2014,Wheat,15.76
Azerbaijan,2013,Wheat,1.48
Azerbaijan,2013,Wheat,14.74
Azerbaijan,2008,Wheat,1.25
Azerbaijan,2006,Wheat,1.69
Azerbaijan,2005,Wheat,1.6
Azerbaijan,2004,Wheat,2.44
Azerbaijan,2003,Wheat,1.5
Azerbaijan,2003,Wheat,1.5
Azerbaijan,2002,Wheat,1.28
Azerbaijan,2002,Wheat,1.28
Azerbaijan,2001,Wheat,1.37
Azerbaijan,2001,Wheat,1.37
Azerbaijan,2000,Wheat,1.03
Azerbaijan,2000,Wheat,1.03
Hungary,2014,Wheat,1.47
Hungary,2014,Buckwheat,0.19
Hungary,2013,Wheat,1.44
Hungary,2013,Buckwheat,0.54
Hungary,2012,Wheat,1.91
Hungary,2011,Wheat,2
Hungary,2010,Wheat,1.95
Hungary,2009,Wheat,1.99
Hungary,2008,Wheat,1.18
Hungary,2006,Wheat,1.22
Hungary,2003,Wheat,3.75
Hungary,2000,Wheat,1.49
Hungary,2000,Wheat,1.49
India,2014,Wheat,1.43
India,2014,Wheat,1.43
India,2014,Wheat,4.93
India,2014,Wheat,0.02
India,2014,Wheat,0.03
India,2014,Wheat,0.07
India,2014,Wheat,0.08
India,2014,Wheat,0.1
India,2014,Wheat,0.1
India,2014,Wheat,0.17
India,2014,Wheat,0.4
India,2014,Wheat,0.53
India,2014,Wheat,0.56
India,2006,Wheat,1.53
India,2006,Wheat,1.62
India,2006,Wheat,1.69
India,2006,Wheat,1.72
India,2006,Wheat,0.04
India,2006,Wheat,0.12
India,2006,Wheat,0.16
India,2006,Wheat,0.47
India,2006,Wheat,0.48
India,2006,Wheat,0.56
India,2006,Wheat,0.72
India,2006,Wheat,0.77
India,2004,Wheat,0
Iran (Islamic Republic of),2013,Wheat,20
Iran (Islamic Republic of),2013,Wheat,20
Ireland,2012,Wheat,4.1
Ireland,2011,Wheat,2.26
Ireland,2010,Wheat,3.29
Ireland,2009,Wheat,4.49
Ireland,2008,Wheat,2.32
Ireland,2007,Wheat,3.22
Ireland,2007,Wheat,3.5
Ireland,2006,Wheat,3.12
Ireland,2005,Wheat,3.49
Ireland,2003,Wheat,2.64
Ireland,2002,Wheat,5.3
Japan,2014,Wheat,19.47
Japan,2013,Wheat,20.33
Japan,2012,Wheat,19.47
Japan,2011,Wheat,22.65
Japan,2010,Wheat,29.06
Japan,2009,Wheat,23.88
Japan,2007,Wheat,17.91
Japan,2006,Wheat,19.23
Japan,2004,Wheat,19.06
Japan,2003,Wheat,19.28
Japan,2002,Wheat,19.45
Japan,2001,Wheat,23.15
Japan,2000,Wheat,23.83
Afghanistan,2015,Wheat,15
Afghanistan,2014,Wheat,14.95
Afghanistan,2013,Wheat,14.99
Afghanistan,2012,Wheat,14.89
Afghanistan,2012,Wheat,15.01
Afghanistan,2011,Wheat,14.99
Afghanistan,2010,Wheat,14.96
Afghanistan,2009,Wheat,15.17
Afghanistan,2008,Wheat,15.14
Afghanistan,2007,Wheat,15.01
Afghanistan,2005,Wheat,15
Afghanistan,2004,Wheat,14.39
Afghanistan,2003,Wheat,18.79
Afghanistan,2002,Wheat,10.01
Afghanistan,2001,Wheat,10.02
Afghanistan,2001,Wheat,11.15
Afghanistan,2000,Wheat,9.87
Afghanistan,2000,Wheat,10.01
Austria,2014,Wheat,2.5
Austria,2013,Wheat,2.51
Austria,2012,Wheat,2.53
Austria,2011,Wheat,1.62
Austria,2010,Wheat,1.46
Austria,2009,Wheat,1.42
Austria,2008,Wheat,1.45
Austria,2006,Wheat,1.58
Austria,2004,Wheat,1.41
Austria,2003,Wheat,1.71
Jordan,2003,Wheat,59.49
Jordan,2003,Wheat,59.49
Jordan,2002,Wheat,50.26
Jordan,2002,Wheat,50.26
Kenya,2013,Wheat,2.2
Kenya,2013,Wheat,2.5
Kenya,2013,Wheat,2.7
Kenya,2013,Wheat,3.5
Kenya,2013,Wheat,13.3
Kenya,2013,Wheat,1
Kenya,2013,Wheat,2.2
Kenya,2013,Wheat,2.5
Kenya,2012,Wheat,2.2
Kenya,2012,Wheat,2.5
Kenya,2012,Wheat,2.7
Kenya,2012,Wheat,3.5
Kenya,2012,Wheat,4.4
Kenya,2012,Wheat,1
Kenya,2012,Wheat,2.2
Kenya,2012,Wheat,2.5
Kenya,2011,Wheat,2.2
Kenya,2011,Wheat,2.5
Kenya,2011,Wheat,2.7
Kenya,2011,Wheat,3.5
Kenya,2011,Wheat,4.4
Kenya,2011,Wheat,1
Kenya,2011,Wheat,2.2
Kenya,2011,Wheat,2.5
Kenya,2010,Wheat,2.2
Kenya,2010,Wheat,2.5
Kenya,2010,Wheat,2.7
Kenya,2010,Wheat,3.5
Kenya,2010,Wheat,13.3
Kenya,2010,Wheat,1
Kenya,2010,Wheat,2.2
Kenya,2010,Wheat,2.5
Kenya,2009,Wheat,2.2
Kenya,2009,Wheat,2.5
Kenya,2009,Wheat,2.7
Kenya,2009,Wheat,3.5
Kenya,2009,Wheat,7.4
Kenya,2009,Wheat,1
Kenya,2009,Wheat,2.2
Kenya,2009,Wheat,2.5
Kenya,2008,Wheat,2.2
Kenya,2008,Wheat,2.5
Kenya,2008,Wheat,2.7
Kenya,2008,Wheat,3.5
Kenya,2008,Wheat,4.4
Kenya,2008,Wheat,1
Kenya,2008,Wheat,2.2
Kenya,2008,Wheat,2.5
Kenya,2007,Wheat,2.5
Kenya,2007,Wheat,2.7
Kenya,2007,Wheat,3.5
Kenya,2007,Wheat,3.9
Kenya,2007,Wheat,4.4
Kenya,2007,Wheat,1
Kenya,2007,Wheat,2.5
Kenya,2007,Wheat,3.9
Democratic People's Republic of Korea,2014,Wheat,16.35
Republic of Korea,2014,Wheat,8
Republic of Korea,2014,Wheat,11
Republic of Korea,2014,Wheat,13
Republic of Korea,2014,Wheat,14
Republic of Korea,2014,Wheat,15
Republic of Korea,2014,Wheat,15
Republic of Korea,2014,Wheat,16.35
Republic of Korea,2014,Wheat,24
Republic of Korea,2014,Wheat,8
Republic of Korea,2014,Wheat,11
Republic of Korea,2014,Wheat,13
Republic of Korea,2014,Wheat,14
Republic of Korea,2014,Wheat,15
Republic of Korea,2014,Wheat,15
Republic of Korea,2014,Wheat,24
Lesotho,2013,Wheat,2.5
Lesotho,2013,Wheat,2.7
Lesotho,2013,Wheat,3.2
Lesotho,2013,Wheat,3.5
Lesotho,2013,Wheat,7.4
Lesotho,2013,Wheat,1
Lesotho,2013,Wheat,2.5
Lesotho,2013,Wheat,3.2
Lesotho,2012,Wheat,2.5
Lesotho,2012,Wheat,2.7
Lesotho,2012,Wheat,2.9
Lesotho,2012,Wheat,3.5
Lesotho,2012,Wheat,4.4
Lesotho,2012,Wheat,1
Lesotho,2012,Wheat,2.5
Lesotho,2012,Wheat,2.9
Lesotho,2011,Wheat,2.5
Lesotho,2011,Wheat,2.7
Lesotho,2011,Wheat,3.2
Lesotho,2011,Wheat,3.5
Lesotho,2011,Wheat,4.4
Lesotho,2011,Wheat,1
Lesotho,2011,Wheat,2.5
Lesotho,2011,Wheat,3.2
Lesotho,2010,Wheat,2.5
Lesotho,2010,Wheat,2.7
Lesotho,2010,Wheat,3.3
Lesotho,2010,Wheat,3.5
Lesotho,2010,Wheat,4.4
Lesotho,2010,Wheat,1
Lesotho,2010,Wheat,2.5
Lesotho,2010,Wheat,3.3
Lesotho,2009,Wheat,2.5
Lesotho,2009,Wheat,2.7
Lesotho,2009,Wheat,2.9
Lesotho,2009,Wheat,3.5
Lesotho,2009,Wheat,4.4
Lesotho,2009,Wheat,1
Lesotho,2009,Wheat,2.5
Lesotho,2009,Wheat,2.9
Lesotho,2008,Wheat,2.9
Lesotho,2008,Wheat,2.5
Lesotho,2008,Wheat,2.7
Lesotho,2008,Wheat,3.5
Lesotho,2008,Wheat,4.4
Lesotho,2008,Wheat,1
Lesotho,2008,Wheat,2.5
Lesotho,2008,Wheat,2.9
Lesotho,2007,Wheat,2.5
Lesotho,2007,Wheat,2.7
Lesotho,2007,Wheat,3.5
Lesotho,2007,Wheat,4.4
Lesotho,2007,Wheat,5.8
Lesotho,2007,Wheat,1
Lesotho,2007,Wheat,2.5
Lesotho,2007,Wheat,5.8
Lesotho,2006,Wheat,2.5
Lesotho,2006,Wheat,2.7
Lesotho,2006,Wheat,3.5
Lesotho,2006,Wheat,4.4
Lesotho,2006,Wheat,5.8
Lesotho,2006,Wheat,1
Lesotho,2006,Wheat,2.5
Lesotho,2006,Wheat,5.8
Lesotho,2005,Wheat,2.5
Lesotho,2005,Wheat,2.7
Lesotho,2005,Wheat,3.5
Lesotho,2005,Wheat,4.4
Lesotho,2005,Wheat,5.8
Lesotho,2005,Wheat,1
Lesotho,2005,Wheat,2.5
Lesotho,2005,Wheat,5.8
Lesotho,2004,Wheat,2.5
Lesotho,2004,Wheat,2.7
Lesotho,2004,Wheat,3.5
Lesotho,2004,Wheat,4.4
Lesotho,2004,Wheat,5.8
Lesotho,2004,Wheat,1
Lesotho,2004,Wheat,2.5
Lesotho,2004,Wheat,5.8
Lithuania,2011,Wheat,1.01
Lithuania,2010,Wheat,1.12
Lithuania,2009,Wheat,1.02
Lithuania,2007,Wheat,2
Lithuania,2006,Wheat,2
Lithuania,2005,Wheat,2.33
Lithuania,2004,Wheat,2.55
Lithuania,2003,Wheat,3
Lithuania,2002,Wheat,3
Lithuania,2001,Wheat,3
Lithuania,2000,Wheat,2.38
Malawi,2016,Wheat,2
Malawi,2016,Wheat,2.5
Malawi,2016,Wheat,3.2
Malawi,2016,Wheat,3.5
Malawi,2016,Wheat,4.1
Malawi,2016,Wheat,1
Malawi,2016,Wheat,2.5
Malawi,2016,Wheat,4.1
Malawi,2015,Wheat,2
Malawi,2015,Wheat,2.5
Malawi,2015,Wheat,3.2
Malawi,2015,Wheat,3.5
Malawi,2015,Wheat,4.1
Malawi,2015,Wheat,1
Malawi,2015,Wheat,2.5
Malawi,2015,Wheat,4.1
Malawi,2014,Wheat,2.1
Malawi,2014,Wheat,2.5
Malawi,2014,Wheat,3.4
Malawi,2014,Wheat,3.5
Malawi,2014,Wheat,4.3
Malawi,2014,Wheat,1
Malawi,2014,Wheat,2.5
Malawi,2014,Wheat,4.3
Malawi,2013,Wheat,2.1
Malawi,2013,Wheat,2.5
Malawi,2013,Wheat,3.4
Malawi,2013,Wheat,3.5
Malawi,2013,Wheat,4.3
Malawi,2013,Wheat,1
Malawi,2013,Wheat,2.5
Malawi,2013,Wheat,4.3
Malawi,2012,Wheat,2.1
Malawi,2012,Wheat,2.5
Malawi,2012,Wheat,3.5
Malawi,2012,Wheat,3.5
Malawi,2012,Wheat,4.5
Malawi,2012,Wheat,1
Malawi,2012,Wheat,2.5
Malawi,2012,Wheat,4.5
Malawi,2011,Wheat,2.1
Malawi,2011,Wheat,2.5
Malawi,2011,Wheat,3.4
Malawi,2011,Wheat,3.5
Malawi,2011,Wheat,4.3
Malawi,2011,Wheat,1
Malawi,2011,Wheat,2.5
Malawi,2011,Wheat,4.3
Malawi,2010,Wheat,2.1
Malawi,2010,Wheat,2.5
Malawi,2010,Wheat,3.5
Malawi,2010,Wheat,3.5
Malawi,2010,Wheat,4.5
Malawi,2010,Wheat,1
Malawi,2010,Wheat,2.5
Malawi,2010,Wheat,4.5
Malawi,2009,Wheat,2.1
Malawi,2009,Wheat,2.5
Malawi,2009,Wheat,3.5
Malawi,2009,Wheat,3.5
Malawi,2009,Wheat,4.9
Malawi,2009,Wheat,1
Malawi,2009,Wheat,2.5
Malawi,2009,Wheat,4.9
Malawi,2008,Wheat,2.1
Malawi,2008,Wheat,2.5
Malawi,2008,Wheat,3.5
Malawi,2008,Wheat,3.5
Malawi,2008,Wheat,4.8
Malawi,2008,Wheat,1
Malawi,2008,Wheat,2.5
Malawi,2008,Wheat,4.8
Malawi,2007,Wheat,2
Malawi,2007,Wheat,2.5
Malawi,2007,Wheat,3.2
Malawi,2007,Wheat,3.5
Malawi,2007,Wheat,4
Malawi,2007,Wheat,1
Malawi,2007,Wheat,2.5
Malawi,2007,Wheat,4
Malawi,2006,Wheat,2
Malawi,2006,Wheat,2.5
Malawi,2006,Wheat,3.2
Malawi,2006,Wheat,3.5
Malawi,2006,Wheat,4.1
Malawi,2006,Wheat,1
Malawi,2006,Wheat,2.5
Malawi,2006,Wheat,4.1
Malawi,2005,Wheat,2
Malawi,2005,Wheat,2.5
Malawi,2005,Wheat,3.2
Malawi,2005,Wheat,3.5
Malawi,2005,Wheat,4.1
Malawi,2005,Wheat,1
Malawi,2005,Wheat,2.5
Malawi,2005,Wheat,4.1
Malawi,2004,Wheat,4.2
Malawi,2004,Wheat,2.1
Malawi,2004,Wheat,2.5
Malawi,2004,Wheat,3.4
Malawi,2004,Wheat,3.5
Malawi,2004,Wheat,1
Malawi,2004,Wheat,2.5
Malawi,2004,Wheat,4.2
Mali,2011,Wheat,2.5
Mali,2011,Wheat,2.7
Mali,2011,Wheat,3.1
Mali,2011,Wheat,3.5
Mali,2011,Wheat,4.4
Mali,2011,Wheat,1
Mali,2011,Wheat,2.5
Mali,2011,Wheat,3.1
Mali,2010,Wheat,2.5
Mali,2010,Wheat,2.7
Mali,2010,Wheat,3.4
Mali,2010,Wheat,3.5
Mali,2010,Wheat,4.4
Mali,2010,Wheat,1
Mali,2010,Wheat,2.5
Mali,2010,Wheat,3.4
Mali,2009,Wheat,2.5
Mali,2009,Wheat,2.7
Mali,2009,Wheat,3.4
Mali,2009,Wheat,3.5
Mali,2009,Wheat,4.4
Mali,2009,Wheat,1
Mali,2009,Wheat,2.5
Mali,2009,Wheat,3.4
Mali,2008,Wheat,2.5
Mali,2008,Wheat,2.7
Mali,2008,Wheat,3.5
Mali,2008,Wheat,3.5
Mali,2008,Wheat,4.4
Mali,2008,Wheat,1
Mali,2008,Wheat,2.5
Mali,2008,Wheat,3.5
Mali,2007,Wheat,2.5
Mali,2007,Wheat,2.7
Mali,2007,Wheat,3.1
Mali,2007,Wheat,3.5
Mali,2007,Wheat,4.4
Mali,2007,Wheat,1
Mali,2007,Wheat,2.5
Mali,2007,Wheat,3.1
Mali,2006,Wheat,2.5
Mali,2006,Wheat,2.7
Mali,2006,Wheat,3.1
Mali,2006,Wheat,3.5
Mali,2006,Wheat,4.4
Mali,2006,Wheat,1
Mali,2006,Wheat,2.5
Mali,2006,Wheat,3.1
Mali,2004,Wheat,2.5
Mali,2004,Wheat,2.7
Mali,2004,Wheat,3.1
Mali,2004,Wheat,3.5
Mali,2004,Wheat,4.4
Mali,2004,Wheat,1
Mali,2004,Wheat,2.5
Mali,2004,Wheat,3.1
Mali,2003,Wheat,2.5
Mali,2003,Wheat,2.7
Mali,2003,Wheat,3.1
Mali,2003,Wheat,3.5
Mali,2003,Wheat,4.4
Mali,2003,Wheat,1
Mali,2003,Wheat,2.5
Mali,2003,Wheat,3.1
Mauritania,2012,Wheat,2.5
Mauritania,2012,Wheat,2.7
Mauritania,2012,Wheat,3.1
Mauritania,2012,Wheat,3.5
Mauritania,2012,Wheat,4.4
Mauritania,2012,Wheat,1
Mauritania,2012,Wheat,2.5
Mauritania,2012,Wheat,3.1
Mauritania,2011,Wheat,2.5
Mauritania,2011,Wheat,2.7
Mauritania,2011,Wheat,3.1
Mauritania,2011,Wheat,3.5
Mauritania,2011,Wheat,4.4
Mauritania,2011,Wheat,1
Mauritania,2011,Wheat,2.5
Mauritania,2011,Wheat,3.1
Mauritania,2010,Wheat,2.5
Mauritania,2010,Wheat,2.7
Mauritania,2010,Wheat,3.1
Mauritania,2010,Wheat,3.5
Mauritania,2010,Wheat,4.4
Mauritania,2010,Wheat,1
Mauritania,2010,Wheat,2.5
Mauritania,2010,Wheat,3.1
Mauritania,2009,Wheat,2.5
Mauritania,2009,Wheat,2.7
Mauritania,2009,Wheat,3.1
Mauritania,2009,Wheat,3.5
Mauritania,2009,Wheat,4.4
Mauritania,2009,Wheat,1
Mauritania,2009,Wheat,2.5
Mauritania,2009,Wheat,3.1
Mauritania,2008,Wheat,2.5
Mauritania,2008,Wheat,2.7
Mauritania,2008,Wheat,3.1
Mauritania,2008,Wheat,3.5
Mauritania,2008,Wheat,4.4
Mauritania,2008,Wheat,1
Mauritania,2008,Wheat,2.5
Mauritania,2008,Wheat,3.1
Mauritania,2006,Wheat,2.5
Mauritania,2006,Wheat,2.7
Mauritania,2006,Wheat,3.1
Mauritania,2006,Wheat,3.5
Mauritania,2006,Wheat,4.4
Mauritania,2006,Wheat,1
Mauritania,2006,Wheat,2.5
Mauritania,2006,Wheat,3.1
Mexico,2011,Wheat,1
Bangladesh,2010,Wheat,1.5
Bangladesh,2010,Wheat,0.41
Bangladesh,2010,Wheat,0.22
Bangladesh,2010,Wheat,0.14
Bangladesh,2010,Wheat,0.05
Bangladesh,2010,Wheat,0.14
Bangladesh,2010,Wheat,0.06
Bangladesh,2009,Wheat,0.04
Bangladesh,2009,Wheat,0.01
Bangladesh,2009,Wheat,0
Bangladesh,2009,Wheat,0.01
Bangladesh,2009,Wheat,0.01
Bangladesh,2009,Wheat,0.02
Bangladesh,2009,Wheat,0
Armenia,2014,Wheat,8.78
Armenia,2013,Wheat,5.2
Armenia,2012,Wheat,3.13
Armenia,2012,Wheat,4.69
Armenia,2011,Wheat,3.93
Armenia,2010,Wheat,4.36
Armenia,2009,Wheat,6.29
Armenia,2008,Wheat,5.09
Armenia,2007,Wheat,4.52
Nepal,2007,Wheat,9.62
Nepal,2005,Wheat,10
Netherlands,2011,Wheat,2.3
Netherlands,2010,Wheat,2.04
Netherlands,2009,Wheat,2.07
Netherlands,2008,Wheat,2.05
Netherlands,2007,Wheat,2.46
Netherlands,2006,Wheat,2.28
Netherlands,2005,Wheat,1.96
Netherlands,2004,Wheat,1.72
Netherlands,2003,Wheat,1.68
Netherlands,2002,Wheat,1.89
Netherlands,2001,Wheat,2.12
Netherlands,2001,Wheat,2.12
Netherlands,2000,Wheat,2.01
Netherlands,2000,Wheat,2.01
Norway,2017,Wheat,0.07
Pakistan,2015,Wheat,0.03
Pakistan,2015,Wheat,0.03
Pakistan,2015,Wheat,0.01
Pakistan,2015,Wheat,0.01
Pakistan,2015,Wheat,0.1
Pakistan,2013,Wheat,0.04
Pakistan,2013,Wheat,0.01
Pakistan,2013,Wheat,0.02
Pakistan,2013,Wheat,0.05
Pakistan,2013,Wheat,0.13
Pakistan,2013,Wheat,0
Pakistan,2012,Wheat,6.88
Pakistan,2012,Wheat,6.88
Pakistan,2012,Wheat,0.07
Pakistan,2012,Wheat,0.41
Pakistan,2011,Wheat,1.09
Pakistan,2011,Wheat,1.12
Pakistan,2011,Wheat,2.75
Pakistan,2011,Wheat,2.92
Pakistan,2011,Wheat,3.16
Pakistan,2011,Wheat,3.85
Pakistan,2011,Wheat,4.28
Pakistan,2011,Wheat,20
Pakistan,2011,Wheat,1.09
Pakistan,2011,Wheat,1.12
Pakistan,2011,Wheat,3.16
Pakistan,2011,Wheat,2.75
Pakistan,2011,Wheat,2.92
Pakistan,2011,Wheat,3.85
Pakistan,2011,Wheat,4.28
Pakistan,2007,Wheat,11.8
Pakistan,2007,Wheat,5.8
Pakistan,2007,Wheat,5.8
Pakistan,2007,Wheat,11.8
Pakistan,2007,Wheat,0
Peru,2007,Wheat,29.87
Peru,2006,Wheat,21.41
Peru,2005,Wheat,26.9
Peru,2004,Wheat,25.47
Peru,2003,Wheat,19.22
Peru,2002,Wheat,21.4
Peru,2002,Wheat,21.43
Peru,2001,Wheat,25.37
Peru,2000,Wheat,22.79
Peru,2000,Wheat,17.99
Poland,2010,Wheat,5.87
Rwanda,2013,Wheat,14.8
Rwanda,2013,Wheat,26
Rwanda,2013,Wheat,26.7
Rwanda,2013,Wheat,14.8
Rwanda,2013,Wheat,26
Rwanda,2013,Wheat,26.7
Rwanda,2012,Wheat,1
Rwanda,2012,Wheat,2.5
Rwanda,2012,Wheat,2.7
Rwanda,2012,Wheat,3.5
Rwanda,2012,Wheat,4.4
Rwanda,2012,Wheat,4.9
Rwanda,2012,Wheat,2.5
Rwanda,2012,Wheat,4.9
Rwanda,2011,Wheat,1
Rwanda,2011,Wheat,2.5
Rwanda,2011,Wheat,2.7
Rwanda,2011,Wheat,3.5
Rwanda,2011,Wheat,4.4
Rwanda,2011,Wheat,4.9
Rwanda,2011,Wheat,2.5
Rwanda,2011,Wheat,4.9
Rwanda,2010,Wheat,1
Rwanda,2010,Wheat,2.5
Rwanda,2010,Wheat,2.7
Rwanda,2010,Wheat,3.5
Rwanda,2010,Wheat,4.4
Rwanda,2010,Wheat,4.9
Rwanda,2010,Wheat,2.5
Rwanda,2010,Wheat,4.9
Rwanda,2009,Wheat,1
Rwanda,2009,Wheat,2.5
Rwanda,2009,Wheat,2.7
Rwanda,2009,Wheat,3.5
Rwanda,2009,Wheat,4.4
Rwanda,2009,Wheat,4.9
Rwanda,2009,Wheat,2.5
Rwanda,2009,Wheat,4.9
Rwanda,2008,Wheat,1
Rwanda,2008,Wheat,2.5
Rwanda,2008,Wheat,2.7
Rwanda,2008,Wheat,3.5
Rwanda,2008,Wheat,4.4
Rwanda,2008,Wheat,4.9
Rwanda,2008,Wheat,2.5
Rwanda,2008,Wheat,4.9
Rwanda,2007,Wheat,1
Rwanda,2007,Wheat,2.5
Rwanda,2007,Wheat,2.7
Rwanda,2007,Wheat,3.5
Rwanda,2007,Wheat,4.4
Rwanda,2007,Wheat,4.9
Rwanda,2007,Wheat,2.5
Rwanda,2007,Wheat,4.9
Slovakia,2005,Wheat,1.87
Slovakia,2004,Wheat,1.36
Slovakia,2003,Wheat,2.47
Slovakia,2002,Wheat,1.99
Slovakia,2001,Wheat,1.9
South Africa,2012,Wheat,1
South Africa,2012,Wheat,1.3
South Africa,2012,Wheat,4.6
South Africa,2012,Wheat,13.1
South Africa,2012,Wheat,4.6
South Africa,2011,Wheat,1
South Africa,2011,Wheat,1.3
South Africa,2011,Wheat,4.6
South Africa,2011,Wheat,13.1
South Africa,2011,Wheat,4.6
South Africa,2010,Wheat,1
South Africa,2010,Wheat,1.3
South Africa,2010,Wheat,4.6
South Africa,2010,Wheat,13.1
South Africa,2010,Wheat,4.6
South Africa,2009,Wheat,1
South Africa,2009,Wheat,1.3
South Africa,2009,Wheat,4.6
South Africa,2009,Wheat,14.7
South Africa,2009,Wheat,4.6
South Africa,2008,Wheat,1
South Africa,2008,Wheat,1.3
South Africa,2008,Wheat,4.6
South Africa,2008,Wheat,13.1
South Africa,2008,Wheat,4.6
South Africa,2007,Wheat,1
South Africa,2007,Wheat,1.3
South Africa,2007,Wheat,4.6
South Africa,2007,Wheat,13.1
South Africa,2007,Wheat,4.6
South Africa,2006,Wheat,1
South Africa,2006,Wheat,1.3
South Africa,2006,Wheat,2
South Africa,2006,Wheat,4.6
South Africa,2006,Wheat,4.6
South Africa,2005,Wheat,1
South Africa,2005,Wheat,1.3
South Africa,2005,Wheat,2
South Africa,2005,Wheat,4.6
South Africa,2005,Wheat,4.6
South Africa,2004,Wheat,1
South Africa,2004,Wheat,1.3
South Africa,2004,Wheat,2
South Africa,2004,Wheat,4.6
South Africa,2004,Wheat,4.6
South Africa,2003,Wheat,1
South Africa,2003,Wheat,1.3
South Africa,2003,Wheat,2
South Africa,2003,Wheat,4.6
South Africa,2003,Wheat,4.6
Sudan,2007,Wheat,1
Sudan,2007,Wheat,2.5
Sudan,2007,Wheat,2.7
Sudan,2007,Wheat,3.1
Sudan,2007,Wheat,3.5
Sudan,2007,Wheat,4.4
Sudan,2007,Wheat,2.5
Sudan,2007,Wheat,3.1
Sudan,2006,Wheat,1
Sudan,2006,Wheat,2.5
Sudan,2006,Wheat,2.7
Sudan,2006,Wheat,3.1
Sudan,2006,Wheat,3.5
Sudan,2006,Wheat,4.4
Sudan,2006,Wheat,2.5
Sudan,2006,Wheat,3.1
Sudan,2005,Wheat,1
Sudan,2005,Wheat,2.5
Sudan,2005,Wheat,2.7
Sudan,2005,Wheat,3.1
Sudan,2005,Wheat,3.5
Sudan,2005,Wheat,4.4
Sudan,2005,Wheat,2.5
Sudan,2005,Wheat,3.1
Sudan,2004,Wheat,1
Sudan,2004,Wheat,2.5
Sudan,2004,Wheat,2.7
Sudan,2004,Wheat,3.1
Sudan,2004,Wheat,3.5
Sudan,2004,Wheat,4.4
Sudan,2004,Wheat,2.5
Sudan,2004,Wheat,3.1
Sudan,2003,Wheat,1
Sudan,2003,Wheat,2.5
Sudan,2003,Wheat,2.7
Sudan,2003,Wheat,3.1
Sudan,2003,Wheat,3.5
Sudan,2003,Wheat,4.4
Sudan,2003,Wheat,2.5
Sudan,2003,Wheat,3.1
Sweden,2017,Wheat,0.23
Switzerland,2011,Wheat,1.5
Switzerland,2010,Wheat,1.56
Switzerland,2009,Wheat,1.56
Switzerland,2008,Wheat,1.46
Switzerland,2007,Wheat,1.47
Switzerland,2006,Wheat,1.56
Switzerland,2005,Wheat,1.58
Switzerland,2004,Wheat,1.43
Switzerland,2003,Wheat,1.7
Switzerland,2002,Wheat,1.58
Switzerland,2001,Wheat,1.77
Turkey,2016,Wheat,0
Turkey,2016,Wheat,0
Turkey,2015,Wheat,0
Turkey,2015,Wheat,0
Turkey,2014,Wheat,0
Turkey,2014,Wheat,0
Turkey,2013,Wheat,0
Turkey,2013,Wheat,0
Turkey,2012,Wheat,0
Turkey,2012,Wheat,0
Turkey,2011,Wheat,0
Turkey,2011,Wheat,0
Turkey,2010,Wheat,0
Turkey,2010,Wheat,0
Turkey,2009,Wheat,0
Turkey,2009,Wheat,0
Turkey,2008,Wheat,0
Turkey,2008,Wheat,3.7
Turkey,2008,Wheat,0
Turkey,2007,Wheat,0
Turkey,2007,Wheat,0
Turkey,2006,Wheat,0
Turkey,2005,Wheat,0
Turkey,2004,Wheat,0
Turkey,2003,Wheat,0
Turkey,2002,Wheat,0
Turkey,2001,Wheat,0
Turkey,2000,Wheat,0
Uganda,2015,Wheat,1
Uganda,2015,Wheat,2.5
Uganda,2015,Wheat,2.5
Uganda,2015,Wheat,2.7
Uganda,2015,Wheat,3.5
Uganda,2015,Wheat,4.4
Uganda,2015,Wheat,2.5
Uganda,2015,Wheat,2.5
Uganda,2014,Wheat,1
Uganda,2014,Wheat,2.5
Uganda,2014,Wheat,2.5
Uganda,2014,Wheat,2.7
Uganda,2014,Wheat,3.5
Uganda,2014,Wheat,4.4
Uganda,2014,Wheat,2.5
Uganda,2014,Wheat,2.5
Uganda,2013,Wheat,3
Uganda,2013,Wheat,1
Uganda,2013,Wheat,2.4
Uganda,2013,Wheat,2.5
Uganda,2013,Wheat,3.5
Uganda,2013,Wheat,3.9
Uganda,2013,Wheat,2.5
Uganda,2013,Wheat,3
Uganda,2012,Wheat,1
Uganda,2012,Wheat,2.4
Uganda,2012,Wheat,2.5
Uganda,2012,Wheat,3
Uganda,2012,Wheat,3.5
Uganda,2012,Wheat,3.9
Uganda,2012,Wheat,2.5
Uganda,2012,Wheat,3
Uganda,2011,Wheat,1
Uganda,2011,Wheat,2.4
Uganda,2011,Wheat,2.5
Uganda,2011,Wheat,3
Uganda,2011,Wheat,3.5
Uganda,2011,Wheat,3.9
Uganda,2011,Wheat,2.5
Uganda,2011,Wheat,3
Uganda,2010,Wheat,1
Uganda,2010,Wheat,2.4
Uganda,2010,Wheat,2.5
Uganda,2010,Wheat,3
Uganda,2010,Wheat,3.5
Uganda,2010,Wheat,3.9
Uganda,2010,Wheat,2.5
Uganda,2010,Wheat,3
Uganda,2009,Wheat,1
Uganda,2009,Wheat,2.4
Uganda,2009,Wheat,2.5
Uganda,2009,Wheat,3
Uganda,2009,Wheat,3.5
Uganda,2009,Wheat,3.9
Uganda,2009,Wheat,2.5
Uganda,2009,Wheat,3
Uganda,2008,Wheat,1
Uganda,2008,Wheat,2.4
Uganda,2008,Wheat,2.5
Uganda,2008,Wheat,3
Uganda,2008,Wheat,3.5
Uganda,2008,Wheat,3.9
Uganda,2008,Wheat,2.5
Uganda,2008,Wheat,3
Ukraine,2015,Wheat,1.7
Ukraine,2015,Buckwheat,0.78
Ukraine,2014,Wheat,2.04
Ukraine,2014,Buckwheat,0.6
Ukraine,2013,Wheat,1.82
Ukraine,2013,Buckwheat,0.56
Egypt,2014,Wheat,36.55
Egypt,2013,Wheat,35.25
United Republic of Tanzania,2012,Wheat,1
United Republic of Tanzania,2012,Wheat,2.5
United Republic of Tanzania,2012,Wheat,2.7
United Republic of Tanzania,2012,Wheat,3.5
United Republic of Tanzania,2012,Wheat,4.2
United Republic of Tanzania,2012,Wheat,4.4
United Republic of Tanzania,2012,Wheat,2.5
United Republic of Tanzania,2012,Wheat,4.2
United Republic of Tanzania,2011,Wheat,1
United Republic of Tanzania,2011,Wheat,2.5
United Republic of Tanzania,2011,Wheat,2.7
United Republic of Tanzania,2011,Wheat,3.5
United Republic of Tanzania,2011,Wheat,4.1
United Republic of Tanzania,2011,Wheat,4.4
United Republic of Tanzania,2011,Wheat,2.5
United Republic of Tanzania,2011,Wheat,4.1
United Republic of Tanzania,2010,Wheat,1
United Republic of Tanzania,2010,Wheat,2.5
United Republic of Tanzania,2010,Wheat,2.7
United Republic of Tanzania,2010,Wheat,3.5
United Republic of Tanzania,2010,Wheat,4.1
United Republic of Tanzania,2010,Wheat,4.4
United Republic of Tanzania,2010,Wheat,2.5
United Republic of Tanzania,2010,Wheat,4.1
United Republic of Tanzania,2008,Wheat,1
United Republic of Tanzania,2008,Wheat,2.5
United Republic of Tanzania,2008,Wheat,2.7
United Republic of Tanzania,2008,Wheat,3.5
United Republic of Tanzania,2008,Wheat,4.2
United Republic of Tanzania,2008,Wheat,4.4
United Republic of Tanzania,2008,Wheat,2.5
United Republic of Tanzania,2008,Wheat,4.2
United Republic of Tanzania,2007,Wheat,1
United Republic of Tanzania,2007,Wheat,2.5
United Republic of Tanzania,2007,Wheat,2.7
United Republic of Tanzania,2007,Wheat,3.5
United Republic of Tanzania,2007,Wheat,4.2
United Republic of Tanzania,2007,Wheat,4.4
United Republic of Tanzania,2007,Wheat,2.5
United Republic of Tanzania,2007,Wheat,4.2
United Republic of Tanzania,2006,Wheat,1
United Republic of Tanzania,2006,Wheat,2.5
United Republic of Tanzania,2006,Wheat,2.7
United Republic of Tanzania,2006,Wheat,3.5
United Republic of Tanzania,2006,Wheat,4.2
United Republic of Tanzania,2006,Wheat,4.4
United Republic of Tanzania,2006,Wheat,2.5
United Republic of Tanzania,2006,Wheat,4.2
United Republic of Tanzania,2005,Wheat,1
United Republic of Tanzania,2005,Wheat,2.5
United Republic of Tanzania,2005,Wheat,2.7
United Republic of Tanzania,2005,Wheat,3.5
United Republic of Tanzania,2005,Wheat,4.2
United Republic of Tanzania,2005,Wheat,4.4
United Republic of Tanzania,2005,Wheat,2.5
United Republic of Tanzania,2005,Wheat,4.2
United Republic of Tanzania,2004,Wheat,1
United Republic of Tanzania,2004,Wheat,2.5
United Republic of Tanzania,2004,Wheat,2.7
United Republic of Tanzania,2004,Wheat,3.5
United Republic of Tanzania,2004,Wheat,4.2
United Republic of Tanzania,2004,Wheat,4.4
United Republic of Tanzania,2004,Wheat,2.5
United Republic of Tanzania,2004,Wheat,4.2
United Republic of Tanzania,2003,Wheat,1
United Republic of Tanzania,2003,Wheat,2.5
United Republic of Tanzania,2003,Wheat,2.7
United Republic of Tanzania,2003,Wheat,3.5
United Republic of Tanzania,2003,Wheat,4.1
United Republic of Tanzania,2003,Wheat,4.4
United Republic of Tanzania,2003,Wheat,2.5
United Republic of Tanzania,2003,Wheat,4.1
